ID,country,subregion,region,date_of_first_stamp,date_of_first_historical_stamp,topic,theme,url,scott_catalogue_number,stanley_gibbons_catalogue_number,image_source,image_name,image_permalink
1,Afghanistan ,Southern Asia,Asia,1871,1920,Centenary of 1st Anniversary of the end of the  War of Independence,Independence (National Symbols),https://www.stampworld.com/stamps/Afghanistan/Postage-stamps/g0202//,214-216,173-175,https://upload.wikimedia.org/wikipedia/commons/f/f0/Stamp_of_Afghanistan_-_1920_-_Colnect_665371_-_Royal_Star_of_Order_of_Independence_-_Large.jpeg,1-afghanistan.jpeg,https://raw.githubusercontent.com/ChantalMB/PHITT-data/refs/heads/main/stamp-images/1-afghanistan.jpeg
2,Albania,Southern Europe,Europe,1913,1937,Allegory of death of Skanderbeg,Leaders (Military),https://www.stampworld.com/stamps/Albania/Postage-stamps/g0282//,271,312,https://i.ebayimg.com/images/g/3kcAAOSwgJljGU62/s-l1600.webp,2-albania.jpeg,https://raw.githubusercontent.com/ChantalMB/PHITT-data/refs/heads/main/stamp-images/2-albania.jpeg
3,Algeria,Northern Africa,Africa,1924,1963,The 9th Anniversary of Revolution,Independence (History),https://www.stampworld.com/stamps/Algeria/Postage-stamps/g0412//,312,418,https://i.ebayimg.com/images/g/C4AAAMXQMmJRTrm3/s-l1600.webp,3-algeria.jpeg,https://raw.githubusercontent.com/ChantalMB/PHITT-data/refs/heads/main/stamp-images/3-algeria.jpeg
4,Andorra ES,Southern Europe,Europe,1928,1975,1100th Anniversary of Urgel Cathedral,Faith,https://www.stampworld.com/stamps/Andorra-ES/Postage-stamps/g0096//,89,94,https://i.ebayimg.com/images/g/GgMAAOSwhiphJD1S/s-l1600.webp,4-andorraes.jpeg,https://raw.githubusercontent.com/ChantalMB/PHITT-data/refs/heads/main/stamp-images/4-andorraes.jpeg
5,Andorra FR,Southern Europe,Europe,1931,1963,Collection of Historical Events: Charlemagne conquers Andora (9th ce) and Louis the Pious founds Andorra (9th ce),Military,https://www.stampworld.com/en/stamps/Andorra-FR/Postage%20stamps/1960-1969?year=1963&user=281383,155-157,F186-F188,https://i.ebayimg.com/images/g/IoUAAOSwg75n3-J3/s-l1600.webp,5-andorrafr.jpeg,https://raw.githubusercontent.com/ChantalMB/PHITT-data/refs/heads/main/stamp-images/5-andorrafr.jpeg
6,Angola,Middle Africa,Africa,1975,1980,The 5th Anniversary of Independence,Independence (Liberation),https://www.stampworld.com/stamps/Angola/Postage-stamps/g0645//,613,119,https://i.ebayimg.com/images/g/ZL8AAeSwlslofXyU/s-l1600.webp,6-angola.jpeg,https://raw.githubusercontent.com/ChantalMB/PHITT-data/refs/heads/main/stamp-images/6-angola.jpeg
7,Antigua and Barbuda,Latin  America  and  the Caribbean,Americas,1981,1983,Founding of Methodist Church in Antigua,Faith,https://www.stampworld.com/stamps/Antigua-And-Barbuda/Postage-stamps/g0094//,738,822,https://i.ebayimg.com/images/g/pXEAAOSwvOVjqeCw/s-l1600.webp,7-antiguaandbarbuda.jpeg,https://raw.githubusercontent.com/ChantalMB/PHITT-data/refs/heads/main/stamp-images/7-antiguaandbarbuda.jpeg
8,Argentina,Latin  America  and  the Caribbean,Americas,1858,1892,The 400th Anniversary of Discovery of America ,Discovery (Columbus),https://www.stampworld.com/stamps/Argentina/Postage-stamps/g0088//,"90,91",219-220,https://i.ebayimg.com/images/g/DzAAAeSwi5hpx-Vx/s-l1600.webp,8-argentina.jpeg,https://raw.githubusercontent.com/ChantalMB/PHITT-data/refs/heads/main/stamp-images/8-argentina.jpeg
9,Armenia ,Western Asia,Asia,1992,1993,175th Anniversary of birth of painter Hovahannes Aivazovsky,Creatives (Artist),https://www.stampworld.com/stamps/Armenia/Postage-stamps/g0246//,458,35,https://upload.wikimedia.org/wikipedia/commons/c/cf/Stamp_of_Armenia_m27.jpg,9-armenia.jpeg,https://raw.githubusercontent.com/ChantalMB/PHITT-data/refs/heads/main/stamp-images/9-armenia.jpeg
10,Australia,Australia and New Zealand,Oceania,1913,1929,The 100th Anniversary of the Western Australia,Constitutional,https://www.stampworld.com/stamps/Australia/Postage-stamps/g0085//,103,116,https://i.ebayimg.com/images/g/5dcAAOSw6ZFhQu87/s-l1600.webp,10-australia.jpeg,https://raw.githubusercontent.com/ChantalMB/PHITT-data/refs/heads/main/stamp-images/10-australia.jpeg
11,Austria,Western Europe,Europe,1850,1908,The 60th Anniversary of the Reign of Emperor Franz Josef I,Leaders (Royalty),https://www.stampworld.com/stamps/Austria/Postage-stamps/g0150//,127,42,https://i.ebayimg.com/images/g/KLUAAOSw1SpngGAA/s-l1600.webp,11-austria.jpeg,https://raw.githubusercontent.com/ChantalMB/PHITT-data/refs/heads/main/stamp-images/11-austria.jpeg
12,Azerbaijan ,Western Asia,Asia,1992,1994,500th Birth Anniversary of Mohammed ibn Suleiman Fuzuli,Creatives (Poet),https://www.stampworld.com/stamps/Azerbaijan/Postage-stamps/g0117//,400,132,https://upload.wikimedia.org/wikipedia/commons/3/36/Stamps_of_Azerbaijan%2C_1994-209k.jpg,12-azerbaijan.jpeg,https://raw.githubusercontent.com/ChantalMB/PHITT-data/refs/heads/main/stamp-images/12-azerbaijan.jpeg
13,Bahamas,Latin America and the Caribbean,Americas,1859,1930,300th Anniversary of the Colony,Discovery (Settlement),https://www.stampworld.com/stamps/Bahamas/Postage-stamps/g0088//,85-89,126-130,https://i.ebayimg.com/images/g/uXUAAOSwHYZjvTjm/s-l1600.webp,13-bahamas.jpeg,https://raw.githubusercontent.com/ChantalMB/PHITT-data/refs/heads/main/stamp-images/13-bahamas.jpeg
14,Bahrain ,Western Asia,Asia,1933,1969,50th Anniversary of School Education in Bahrain,Culture (Education),https://www.stampworld.com/stamps/Bahrain/Postage-stamps/g0173//,164-166,162-164,https://i.ebayimg.com/images/g/XZYAAOSwYiNoDlvg/s-l1600.webp,14-bahrain.jpeg,https://raw.githubusercontent.com/ChantalMB/PHITT-data/refs/heads/main/stamp-images/14-bahrain.jpeg
15,Bangladesh ,Southern Asia,Asia,1971,1972,Memory of the Martyrs,Independence (History),https://www.stampworld.com/stamps/Bangladesh/Postage-stamps/g0012//,32,12,https://i.ebayimg.com/images/g/TekAAOSwwnVj-qvF/s-l1600.webp,15-bangladesh.jpeg,https://raw.githubusercontent.com/ChantalMB/PHITT-data/refs/heads/main/stamp-images/15-bangladesh.jpeg
16,Belarus,Eastern Europe,Europe,1992,1992,100th Anniversary of the Birth of Composer G.R. Shirma,Creatives (Musician),https://www.stampworld.com/stamps/Belarus/Postage-stamps/g0002//,2,2,https://i.ebayimg.com/images/g/Hu0AAOSwh2Nkv-UE/s-l1600.webp,16-belarus.jpeg,https://raw.githubusercontent.com/ChantalMB/PHITT-data/refs/heads/main/stamp-images/16-belarus.jpeg
17,Belgium,Western Europe,Europe,1849,1915,Annexation of the Congo,Military,https://www.stampworld.com/stamps/Belgium/Postage-stamps/g0104//,120,55,https://i.ebayimg.com/images/g/BDUAAeSwvFRox5yC/s-l500.png,17-belgium.jpeg,https://raw.githubusercontent.com/ChantalMB/PHITT-data/refs/heads/main/stamp-images/17-belgium.jpeg
18,Belize,Central America,Americas,1973,1979,UPU centenary - internal airmail services,Philately,https://www.stampworld.com/stamps/Belize/Postage-stamps/g0100//,410,480,https://i.ebayimg.com/images/g/whsAAOSwBkdi782H/s-l1600.webp,18-belize.jpeg,https://raw.githubusercontent.com/ChantalMB/PHITT-data/refs/heads/main/stamp-images/18-belize.jpeg
19,Benin,Western Africa,Africa,1975,1976,3rd anniversary of KPARO newspaper used in language classrooms,Culture (Education),https://www.stampworld.com/stamps/Benin/Postage-stamps/g0028//,361,634,https://i.ebayimg.com/images/g/BTcAAOSwvzxjxvVD/s-l1600.webp,19-benin.jpeg,https://raw.githubusercontent.com/ChantalMB/PHITT-data/refs/heads/main/stamp-images/19-benin.jpeg
20,Bhutan ,Southern Asia,Asia,1962,1966,40th Anniversary of King Jigme Wangchuck’s accession,Leaders (Royalty),https://www.stampworld.com/stamps/Bhutan/Postage-stamps/g0084//,83,83,https://www.stampexindia.com/wp-content/uploads/2024/06/15823736291.jpg,20-bhutan.jpeg,https://raw.githubusercontent.com/ChantalMB/PHITT-data/refs/heads/main/stamp-images/20-bhutan.jpeg
21,Bolivia,Latin  America and the Caribbean,Americas,1867,1897,Historical figures e.g. Pedro Domingo Murillo ,Leaders (Political),https://www.stampworld.com/stamps/Bolivia/Postage-stamps/g0052//,49,79,https://i.ebayimg.com/images/g/qpQAAOSwpqBmz64I/s-l1600.webp,21-bolivia.jpeg,https://raw.githubusercontent.com/ChantalMB/PHITT-data/refs/heads/main/stamp-images/21-bolivia.jpeg
22,Bosnia & H. Croat Adm,Southern Europe,Europe,1993,1993,Medieval Census 250th anniversary,Culture,https://www.stampworld.com/stamps/Croatian-Post-Mostar/Postage-stamps/g0005//,5,C2,https://cdn.aukro.cz/images/sk1607441898328/republika-bosna-i-hercegovina-hrvatska-zajednica-herceg-bosna-88654493.jpeg,22-bosniahcroatadm.jpeg,https://raw.githubusercontent.com/ChantalMB/PHITT-data/refs/heads/main/stamp-images/22-bosniahcroatadm.jpeg
23,Bosnia & H. Serb Adm,Southern Europe,Europe,1992,1994,150th Anniversary of the Birth of King Peter I Karadjordjevic,Leaders (Royalty),https://www.stampworld.com/stamps/Serbian-Rep.-B-and-H/Postage-stamps/g0029//,29,S29,https://i.ebayimg.com/images/g/EXkAAOSwUsFhwNEc/s-l1600.webp,23-bosniahserbadm.jpeg,https://raw.githubusercontent.com/ChantalMB/PHITT-data/refs/heads/main/stamp-images/23-bosniahserbadm.jpeg
24,Bosnia & Herzegovina ,Southern Europe,Europe,1993,1994,10th Anniversary of the Winter Olympic Games in Sarajevo,Sport,https://www.stampworld.com/stamps/Bosnia-Herzegovina/Postage-stamps/g0170//,207,457,https://postshop.posta.ba/resursi/proizvodi/slike/velika/f96d5f555a2c88e1414d21ec0ec0a8d1.jpg,24-bosniaherzegovina.jpeg,https://raw.githubusercontent.com/ChantalMB/PHITT-data/refs/heads/main/stamp-images/24-bosniaherzegovina.jpeg
25,Botswana,Southern Africa,Africa,1966,1972,84th Anniversary of the Mafeking-Gubulawayo Runner Post,Philately,https://www.stampworld.com/stamps/Botswana/Postage-stamps/g0088//,88-91,294-7,https://i.ebayimg.com/images/g/~zMAAeSwJVdp15z-/s-l1600.webp,25-botswana.jpeg,https://raw.githubusercontent.com/ChantalMB/PHITT-data/refs/heads/main/stamp-images/25-botswana.jpeg
26,Brazil,Latin  America  and  the Caribbean,Americas,1866,1900,The 400th Anniversary of the Discovery of Brazil (Cabral),Discovery (Voyages),https://www.stampworld.com/stamps/Brazil/Postage-stamps/g0145//,162,226,https://i.ebayimg.com/images/g/2CIAAOSwLltmR6Ye/s-l1600.webp,26-brazil.jpeg,https://raw.githubusercontent.com/ChantalMB/PHITT-data/refs/heads/main/stamp-images/26-brazil.jpeg
27,Brunei Darussalam,Southeastern Asia,Asia,1895,1971,10th Anniversary of the Royal Brunei Malay Regiment,Military,https://www.stampworld.com/stamps/Brunei/Postage-stamps/g0175//,162-164,178-180,https://i.ebayimg.com/images/g/9MMAAOSwxH1T8g~b/s-l1600.webp,27-bruneidarussalam.jpeg,https://raw.githubusercontent.com/ChantalMB/PHITT-data/refs/heads/main/stamp-images/27-bruneidarussalam.jpeg
28,Bulgaria,Eastern Europe,Europe,1879,1901,25th Anniversary of the Uprising Against the Turks,Indpendence (History),https://www.stampworld.com/stamps/Bulgaria/Postage-stamps/g0051//,"53, 54","104, 105",https://i.ebayimg.com/images/g/yY4AAeSwzuVoDuN6/s-l1600.webp,28-bulgaria.jpeg,https://raw.githubusercontent.com/ChantalMB/PHITT-data/refs/heads/main/stamp-images/28-bulgaria.jpeg
29,Burkina Faso,Western Africa,Africa,1959,1960,The 1st Anniversary of Proclamation of the Republic [as Upper Volta],Independence (National Symbols),https://www.stampworld.com/stamps/Upper-Volta/Postage-stamps/g0092//,92,check SG Upper Volta,https://i.ebayimg.com/images/g/9toAAOSwcDlnx9jD/s-l1600.webp,29-burkinafaso.jpeg,https://raw.githubusercontent.com/ChantalMB/PHITT-data/refs/heads/main/stamp-images/29-burkinafaso.jpeg
30,Burundi,Eastern Africa,Africa,1962,1963,1st Anniversary of Admission to the UN,UN Admission,https://www.stampworld.com/stamps/Burundi/Postage-stamps/g0071//,57-61,61-65,https://i.ebayimg.com/images/g/m7MAAOSwA09f27sK/s-l1600.webp,30-burundi.jpeg,https://raw.githubusercontent.com/ChantalMB/PHITT-data/refs/heads/main/stamp-images/30-burundi.jpeg
31,Cabo Verde,Western Africa,Africa,1877,1958,The 100th Anniversary of City of Praia,Cities,https://www.stampworld.com/stamps/Cape-Verde/Postage-stamps/g0298//,300-301,364-365,https://i.ebayimg.com/images/g/~FEAAOSwy11f1~Yx/s-l1600.webp,31-caboverde.jpeg,https://raw.githubusercontent.com/ChantalMB/PHITT-data/refs/heads/main/stamp-images/31-caboverde.jpeg
32,Cambodia,Southeastern Asia,Asia,1951,1958,"King Ang Duong Commemoration, 1796-1860",Leaders (Royalty),https://www.stampworld.com/stamps/Cambodia/Postage-stamps/g0086//,65-67,86-88,https://i.ebayimg.com/images/g/osYAAOSwViZgm~Ni/s-l1600.webp,32-cambodia.jpeg,https://raw.githubusercontent.com/ChantalMB/PHITT-data/refs/heads/main/stamp-images/32-cambodia.jpeg
33,Cameroon,Middle Africa,Africa,1960,1962,1962 The 1st Anniversary of Reunification,Leaders (Political),https://www.stampworld.com/stamps/Cameroon/Postage-stamps/g0344//,374-378,329-333,https://i.ebayimg.com/images/g/qZIAAOSwjdZlWnTO/s-l1600.webp,33-cameroon.jpeg,https://raw.githubusercontent.com/ChantalMB/PHITT-data/refs/heads/main/stamp-images/33-cameroon.jpeg
34,Canada,North America,Americas,1868,1908,300th anniversary of the founding of Quebec,Discovery (Settlement),https://www.stampworld.com/stamps/Canada/Postage-stamps/g0075//,96-103,188-195,https://i.ebayimg.com/images/g/DI4AAOSwXFldQHXJ/s-l1600.webp,34-canada.jpeg,https://raw.githubusercontent.com/ChantalMB/PHITT-data/refs/heads/main/stamp-images/34-canada.jpeg
35,Central African Rep.,Middle Africa,Africa,1959,1963,3rd Anniversary of the National Republic (Army),Military,https://www.stampworld.com/stamps/Central-African-Republic/Postage-stamps/g0035//,24,35,https://i.ebayimg.com/images/g/63AAAOSwT0NbWK9H/s-l1600.webp,35-centralafricanrep.jpeg,https://raw.githubusercontent.com/ChantalMB/PHITT-data/refs/heads/main/stamp-images/35-centralafricanrep.jpeg
36,Chad,Middle Africa,Africa,1922,1959,The 1st Anniversary of Republic,Independence (Flora and Fauna),https://www.stampworld.com/stamps/Chad/Postage-stamps/g0063//,64-65,62-63,https://i.ebayimg.com/images/g/tEoAAOSwSNBndF-c/s-l1600.webp,36-chad.jpeg,https://raw.githubusercontent.com/ChantalMB/PHITT-data/refs/heads/main/stamp-images/36-chad.jpeg
37,Chile,Latin  America  and  the Caribbean,Americas,1853,1910,The 100th Anniversary of Independence ,Independence (History),https://www.stampworld.com/stamps/Chile/Postage-stamps/g0073//,83-97,119-133,https://i.ebayimg.com/images/g/RCsAAOSwz4pnx5Vq/s-l1600.webp,37-chile.jpeg,https://raw.githubusercontent.com/ChantalMB/PHITT-data/refs/heads/main/stamp-images/37-chile.jpeg
38,China (PR),Eastern Asia,Asia,1949,1950,The 1st Anniversary of People's Republic of China,Independence (National Symbols),"https://www.stampworld.com/stamps/China,-Peoples-Rep./Postage-stamps/g0045//",31-34,1432-1435,https://i.ebayimg.com/images/g/804AAOSwu1ZnPKqL/s-l1600.webp,38-chinapr.jpeg,https://raw.githubusercontent.com/ChantalMB/PHITT-data/refs/heads/main/stamp-images/38-chinapr.jpeg
39,Colombia ,Latin  America  and  the Caribbean,Americas,1859,1910,The 100th Anniversary of Independence ,Independence (History),https://www.stampworld.com/en/stamps/Colombia/Postage%20stamps/1910-1919?user=281383,331-338,345-352,https://colecciones.banrepcultural.org/en/document/centenario-de-la-independencia-nacional-1910-camilo-torres/63a069175d96b8790f350e17,39-colombia.jpeg,https://raw.githubusercontent.com/ChantalMB/PHITT-data/refs/heads/main/stamp-images/39-colombia.jpeg
40,Comoros ,Eastern Africa,Africa,1950,1973,"Said Mohamed Cheikh, President of Comoro Council, Commemoration",Leaders (Polittical),https://www.stampworld.com/stamps/Comoro-Islands/Postage-stamps/g0129//,C50-C51,129-130,https://i.ebayimg.com/images/g/PcMAAOSw-2JfIDqo/s-l1600.webp,40-comoros.jpeg,https://raw.githubusercontent.com/ChantalMB/PHITT-data/refs/heads/main/stamp-images/40-comoros.jpeg
41,Congo,Middle Africa,Africa,1959,1964,The 1st Anniversary of Revolution and National Festival,Uprising,"https://www.stampworld.com/stamps/Congo,-Rep./Postage-stamps/g0056//",118,56,https://i.ebayimg.com/images/g/MyUAAOSwsN1nG8dy/s-l1600.webp,41-congo.jpeg,https://raw.githubusercontent.com/ChantalMB/PHITT-data/refs/heads/main/stamp-images/41-congo.jpeg
42,Congo DR,Middle Africa,Africa,1960,1961,1961 Second Anniversary of the signing of the Congo Independence Agreement,Independence (National Symbols),"https://www.stampworld.com/stamps/Congo,-Dr/Postage-stamps/g0044//",366-370,4-2-0406,https://i.ebayimg.com/thumbs/images/g/HjcAAOSwH9JfmJGv/s-l500.jpg,42-congodr.jpeg,https://raw.githubusercontent.com/ChantalMB/PHITT-data/refs/heads/main/stamp-images/42-congodr.jpeg
43,Cook Islands and Niue,Australia and New Zealand,Oceania,1892,1932,Captain James Cook anniversary ,Discovery (Voyages),https://www.stampworld.com/stamps/Cook-Islands/Postage-stamps/g0035//,84-90,105-111,https://i.ebayimg.com/images/g/0ikAAeSwJZFoYsy5/s-l1600.webp,43-cookislandsandniue.jpeg,https://raw.githubusercontent.com/ChantalMB/PHITT-data/refs/heads/main/stamp-images/43-cookislandsandniue.jpeg
44,Costa Rica,Central America,Americas,1863,1921,The 100th Anniversary of Coffee Cultivation,Industry (Agriculture),https://www.stampworld.com/stamps/Costa-Rica/Postage-stamps/g0094//,103,115,https://i.ebayimg.com/images/g/1x4AAOSwksdmvZMX/s-l500.png,44-costarica.jpeg,https://raw.githubusercontent.com/ChantalMB/PHITT-data/refs/heads/main/stamp-images/44-costarica.jpeg
45,Croatia,Southern Europe,Europe,1941,1943,700th Anniversary of Zagreb's Golden Bull,Constitutional,https://www.stampworld.com/stamps/Croatia/Postage-stamps/g0095//,B28,77,https://i.ebayimg.com/images/g/PE0AAOSwdopg2uoS/s-l1600.webp,45-croatia.jpeg,https://raw.githubusercontent.com/ChantalMB/PHITT-data/refs/heads/main/stamp-images/45-croatia.jpeg
46,Cuba ,Latin  America  and  the Caribbean,Americas,1855,1914,The 100th Anniversary of the Birth of Gertrudis Gomez de Avellaneda - Poetess,Creatives (Poets),https://www.stampworld.com/stamps/Cuba/Postage-stamps/g0039//,257,335,https://www.cubacollectibles.com/mm5/graphics/00000001/8/1914-sc263-5c.jpg,46-cuba.jpeg,https://raw.githubusercontent.com/ChantalMB/PHITT-data/refs/heads/main/stamp-images/46-cuba.jpeg
47,Cyprus ,Western Asia,Asia,1880,1928,Discovery of the body of  St. Barnabas,Faith ,https://www.stampworld.com/stamps/Cyprus-(Greek)/Postage-stamps/g0108//,117,126,https://i.ebayimg.com/images/g/PqQAAOSwUqdoWvuW/s-l1600.webp,47-cyprus.jpeg,https://raw.githubusercontent.com/ChantalMB/PHITT-data/refs/heads/main/stamp-images/47-cyprus.jpeg
48,Czechia,Eastern Europe,Europe,1993,1993,600th Anniversary of the Death of St. John of Nepomuk,Leaders (Religious),https://www.stampworld.com/stamps/Czech-Republic/Postage-stamps/g0004//,2880,4,https://i.ebayimg.com/images/g/4sQAAOSwqdllAclR/s-l1600.webp,48-czechia.jpeg,https://raw.githubusercontent.com/ChantalMB/PHITT-data/refs/heads/main/stamp-images/48-czechia.jpeg
49,Czechoslovakia,Eastern Europe,Europe,1918,1920,Hussite Priest,Faith,https://www.stampworld.com/stamps/Czechoslovakia/Postage-stamps/g0184//,"74, 75","203, 204",https://cdn.collectorbazar.com/products/czechoslovakia-1920-scott-75-75-hussite-priest-holding-a-chalice-mh-698847-1.jpg,49-czechoslovakia.jpeg,https://raw.githubusercontent.com/ChantalMB/PHITT-data/refs/heads/main/stamp-images/49-czechoslovakia.jpeg
50,Denmark,Northern Europe,Europe,1851,1924,300th Anniversary of Danish Postal Service,Philately,https://www.stampworld.com/stamps/Denmark/Postage-stamps/g0133//,164-175,218-223,https://i.ebayimg.com/images/g/q4IAAOSwfttn3WCI/s-l500.jpg,50-denmark.jpeg,https://raw.githubusercontent.com/ChantalMB/PHITT-data/refs/heads/main/stamp-images/50-denmark.jpeg
51,Djibouti,Eastern Africa,Africa,1977,1986,The 5th Anniversary of Inauguration of Djibouti Sheraton Hotel,Infrastructure (Building),https://www.stampworld.com/stamps/Djibouti/Postage-stamps/g0321//,623,991,https://i.ebayimg.com/images/g/I5YAAOSwG~9lLhO0/s-l1600.webp,51-djibouti.jpeg,https://raw.githubusercontent.com/ChantalMB/PHITT-data/refs/heads/main/stamp-images/51-djibouti.jpeg
52,Dominica,Latin  America  and  the Caribbean,Americas,1874,1967,National Day - Santa Maria (Columbus),Philately,https://www.stampworld.com/stamps/Dominica/Postage-stamps/g0201//,203,206,https://i.ebayimg.com/images/g/7VcAAOSwpK1kymE3/s-l1600.webp,52-dominica.jpeg,https://raw.githubusercontent.com/ChantalMB/PHITT-data/refs/heads/main/stamp-images/52-dominica.jpeg
53,Dominican Republic,Latin  America  and  the Caribbean,Americas,1865,1899,Colombus Mausoleum,Discovery (Columbus),https://www.stampworld.com/en/stamps/Dominican-Republic/Postage%20stamps/1890-1899?year=1899&user=281383,100-108,89-99,https://i.ebayimg.com/images/g/bHYAAeSwLm9ooQJg/s-l1600.webp,53-dominicanrepublic.jpeg,https://raw.githubusercontent.com/ChantalMB/PHITT-data/refs/heads/main/stamp-images/53-dominicanrepublic.jpeg
54,Ecuador,Latin  America  and  the Caribbean,Americas,1865,1904,"The 100th Anniversary of the Birth of Abdón Calderón, 1804-1822",Leaders (Political),https://www.stampworld.com/stamps/Ecuador/Postage-stamps/g0155//,160-165,310-315,https://i.ebayimg.com/images/g/J1oAAOSwMJlnjCdY/s-l1600.webp,54-ecuador.jpeg,https://raw.githubusercontent.com/ChantalMB/PHITT-data/refs/heads/main/stamp-images/54-ecuador.jpeg
55,Egypt,Northern Africa,Africa,1866,1926,Ship of Hatshepsut,Infrastructure (Transport),https://www.stampworld.com/stamps/Egypt/Postage-stamps/g0118//,118-120,138-140,https://i.ebayimg.com/images/g/IG0AAOSwnoFlBlXJ/s-l1600.webp,55-egypt.jpeg,https://raw.githubusercontent.com/ChantalMB/PHITT-data/refs/heads/main/stamp-images/55-egypt.jpeg
56,El Salvador,Central America,Americas,1867,1892,Landing of Columbus ,Discovery (Columbus),https://www.stampworld.com/stamps/El-Salvador/Postage-stamps/g0057//,86-88,52-61,https://upload.wikimedia.org/wikipedia/commons/thumb/c/ca/Salvador_1892_Sc74.jpg/500px-Salvador_1892_Sc74.jpg,56-elsalvador.jpeg,https://raw.githubusercontent.com/ChantalMB/PHITT-data/refs/heads/main/stamp-images/56-elsalvador.jpeg
57,Equatorial Guinea,Middle Africa,Africa,1968,1971,The 3rd Anniversary of Independence,Independence (Liberation),https://www.stampworld.com/stamps/Equatorial-Guinea/Postage-stamps/g0015//,2026-11-14 00:00:00,2026-11-14 00:00:00,https://i.ebayimg.com/images/g/prIAAOSwQWZnaA-6/s-l1600.webp,57-equatorialguinea.jpeg,https://raw.githubusercontent.com/ChantalMB/PHITT-data/refs/heads/main/stamp-images/57-equatorialguinea.jpeg
58,Eritrea,Eastern Africa,Africa,1991,1991,The 30th Anniversary of Liberation Struggle,Independence (National Symbols),https://www.stampworld.com/stamps/Eritrea/Postage-stamps/g0001//,192-196,250-252,https://i.colnect.net/b/19229/717/EPLF-Fighter-Waving-Flag.jpg,58-eritrea.jpeg,https://raw.githubusercontent.com/ChantalMB/PHITT-data/refs/heads/main/stamp-images/58-eritrea.jpeg
59,Estonia,Northern Europe,Europe,1918,1932,300th Anniversary of Tartu University,Culture (Education),https://www.stampworld.com/stamps/Estonia/Postage-stamps/g0129//,108-111,95-98,https://i.ebayimg.com/images/g/BSAAAOSwmoVnRKJ6/s-l1600.webp,59-estonia.jpeg,https://raw.githubusercontent.com/ChantalMB/PHITT-data/refs/heads/main/stamp-images/59-estonia.jpeg
60,Eswatini ,Southern Africa,Africa,1968,1971,The 50th Anniversary of Accession of King Sobhuza II,Leaders (Royalty),https://www.stampworld.com/stamps/Swaziland/Postage-stamps/g0187//,000-000,835-838,https://golowesstamps.com/reference/formatprinters/Swaziland/swaziland_1971_king_sobhuza.jpg,60-eswatini.jpeg,https://raw.githubusercontent.com/ChantalMB/PHITT-data/refs/heads/main/stamp-images/60-eswatini.jpeg
61,Ethiopia,Eastern Africa,Africa,1894,1943,The 100th Anniversary of the Birth of Emperor Menelik II,Leaders (Royalty),https://www.stampworld.com/stamps/Ethiopia/Postage-stamps/g0278//,263-267,339-343,https://i.ebayimg.com/images/g/yK8AAOSwD39aX2Z9/s-l1600.webp,61-ethiopia.jpeg,https://raw.githubusercontent.com/ChantalMB/PHITT-data/refs/heads/main/stamp-images/61-ethiopia.jpeg
62,Fiji,Melanesia,Oceania,1870,1964,The 50th Anniversary of the Fijian Scout Movement,Philately,https://www.stampworld.com/stamps/Fiji/Postage-stamps/g0197//,206-207,336-337,https://i.ebayimg.com/images/g/qn8AAOSw1wBk9tl4/s-l1600.webp,62-fiji.jpeg,https://raw.githubusercontent.com/ChantalMB/PHITT-data/refs/heads/main/stamp-images/62-fiji.jpeg
63,Finland,Northern Europe,Europe,1856,1927,10th Anniversary of the Republic,Founding (National Symbols) ,https://www.stampworld.com/stamps/Finland/Postage-stamps/g0125//,141142,"255, 256",https://i.ebayimg.com/images/g/auoAAOSwG6Jky~I7/s-l1600.webp,63-finland.jpeg,https://raw.githubusercontent.com/ChantalMB/PHITT-data/refs/heads/main/stamp-images/63-finland.jpeg
64,France,Western Europe,Europe,1849,1924,The 400th Anniversary of the Birth of Pierre de Ronsard,Creatives (Artists),https://www.stampworld.com/stamps/France/Postage-stamps/g0167//,219,405,https://i.ebayimg.com/images/g/Y-8AAOSwJ9NjyBir/s-l1600.webp,64-france.jpeg,https://raw.githubusercontent.com/ChantalMB/PHITT-data/refs/heads/main/stamp-images/64-france.jpeg
65,Gabon,Middle Africa,Africa,1959,1963,The 50th Anniversary of Arrival of Dr. Schweitzer in Gabon -,Leaders (Social Reformers),https://www.stampworld.com/stamps/Gabon/Postage-stamps/g0195//,164,C1,https://i.ebayimg.com/images/g/8TkAAOSwxIxiN7GL/s-l1600.webp,65-gabon.jpeg,https://raw.githubusercontent.com/ChantalMB/PHITT-data/refs/heads/main/stamp-images/65-gabon.jpeg
66,Gambia ,Western Africa,Africa,1869,1966,The 150th Anniversary of Bathhurst,Cities,https://www.stampworld.com/stamps/Gambia/Postage-stamps/g0230//,228-231,246-249,https://i.ebayimg.com/images/g/2U8AAOSwQQ5nFuIE/s-l1600.webp,66-gambia.jpeg,https://raw.githubusercontent.com/ChantalMB/PHITT-data/refs/heads/main/stamp-images/66-gambia.jpeg
67,Georgia ,Western Asia,Asia,1993,1994,150th Birth Anniversary of Niko Nikoladze,Creatives (Writer),https://www.stampworld.com/stamps/Georgia/Postage-stamps/g0075//,91,20,https://i.ebayimg.com/images/g/96gAAOSwbulkoAS-/s-l1600.webp,67-georgia.jpeg,https://raw.githubusercontent.com/ChantalMB/PHITT-data/refs/heads/main/stamp-images/67-georgia.jpeg
68,German Democratic Republic,Western Europe,Europe,1949,1950,200th Anniversary of the Death of Johann Sebastian Bach,Creatives (Musician),https://www.stampworld.com/stamps/DDR/Postage-stamps/g0015//,B17-20,E15-E18,https://i.ebayimg.com/images/g/lVkAAOSwst1hsiQk/s-l1600.webp,68-germandemocraticrepublic.jpeg,https://raw.githubusercontent.com/ChantalMB/PHITT-data/refs/heads/main/stamp-images/68-germandemocraticrepublic.jpeg
69,Germany,Western Europe,Europe,1872,1899,Unveiling of Kaiser Wilhelm I memorial,Leaders (Royalty),https://www.stampworld.com/stamps/German-Empire/Postage-stamps/g0062//,64,64,https://i.ebayimg.com/images/g/KmYAAeSwHztoDCNy/s-l1600.webp,69-germany.jpeg,https://raw.githubusercontent.com/ChantalMB/PHITT-data/refs/heads/main/stamp-images/69-germany.jpeg
70,Ghana,Western Africa,Africa,1957,1958,The 1st Anniversary of Independence,Independence (National Symbols),https://www.stampworld.com/stamps/Ghana/Postage-stamps/g0020//,17-20,185-188,https://i.ebayimg.com/images/g/U5wAAOSwQeFiuUAV/s-l1600.webp,70-ghana.jpeg,https://raw.githubusercontent.com/ChantalMB/PHITT-data/refs/heads/main/stamp-images/70-ghana.jpeg
71,Great Britain,Western Europe,Europe,1840,1951,HMS Victory,Military,https://www.stampworld.com/stamps/Great-Britain/Postage-stamps/g0251//,286,509,https://i.ebayimg.com/images/g/Ou0AAOSw8pxnhLTB/s-l500.jpg,71-greatbritain.jpeg,https://raw.githubusercontent.com/ChantalMB/PHITT-data/refs/heads/main/stamp-images/71-greatbritain.jpeg
72,Greece,Southern Europe,Europe,1861,1896,Olympic Games,Sport,https://www.stampworld.com/stamps/Greece/Postage-stamps/g0065//,117-128,110-121,https://upload.wikimedia.org/wikipedia/commons/d/db/Olympic_stamps_1896_set.jpg,72-greece.jpeg,https://raw.githubusercontent.com/ChantalMB/PHITT-data/refs/heads/main/stamp-images/72-greece.jpeg
73,Grenada,Latin  America  and  the Caribbean,Americas,1861,1898,The 400th Anniversary of the Discovery of the Island,Discovery (Voyages),https://www.stampworld.com/stamps/Grenada/Postage-stamps/g0041//,47,23,https://i.ebayimg.com/images/g/LRQAAOSw1HpmWin3/s-l1600.webp,73-grenada.jpeg,https://raw.githubusercontent.com/ChantalMB/PHITT-data/refs/heads/main/stamp-images/73-grenada.jpeg
74,Guatemala,Central America,Americas,1871,1910,The 100th Anniversary of the Birth of Miguel Garcia Granados,Leaders (Political and Military),https://www.stampworld.com/stamps/Guatemala/Postage-stamps/g0135//,140,140,https://i.ebayimg.com/images/g/IR0AAOSwIUxmLVt5/s-l1600.webp,74-guatemala.jpeg,https://raw.githubusercontent.com/ChantalMB/PHITT-data/refs/heads/main/stamp-images/74-guatemala.jpeg
75,Guinea ,Western Africa,Africa,1959,1959,First Anniversary of Independence,Independence (National Symbols),https://www.stampworld.com/stamps/Guinea/Postage-stamps/g0024//,"188, 189",222223,https://i.ebayimg.com/images/g/0hsAAOSwt25mH3Ec/s-l1600.webp,75-guinea.jpeg,https://raw.githubusercontent.com/ChantalMB/PHITT-data/refs/heads/main/stamp-images/75-guinea.jpeg
76,Guinea Bissau,Western Africa,Africa,1974,1974,First Anniversary of Proclamation of Independence,Indpendence (National Symbols),https://www.stampworld.com/stamps/Guinea-Bissau/Postage-stamps/g0001//,345-348,426-9,https://i.ebayimg.com/images/g/8mkAAOSwNf1Zruhe/s-l1600.webp,76-guineabissau.jpeg,https://raw.githubusercontent.com/ChantalMB/PHITT-data/refs/heads/main/stamp-images/76-guineabissau.jpeg
77,Guyana,Latin  America  and  the Caribbean,Americas,1966,1967,The 1st Anniversary of Independence ,Independence (National Symbols),https://www.stampworld.com/stamps/Guyana/Postage-stamps/g0030//,28-31,416-419,https://commons.wikimedia.org/wiki/File:Stamp_1967_Guyana_MiNr0269_pm_B002.jpg,77-guyana.jpeg,https://raw.githubusercontent.com/ChantalMB/PHITT-data/refs/heads/main/stamp-images/77-guyana.jpeg
78,Haiti,Latin  America  and  the Caribbean,Americas,1881,1904,The 100th Anniversary of Independence - Toussaint,Leaders (Political and Military),https://www.stampworld.com/stamps/Haiti/Postage-stamps/g0074//,"83,84","90,91",https://i.ebayimg.com/images/g/9kQAAOSwIUpivdYi/s-l1600.webp,78-haiti.jpeg,https://raw.githubusercontent.com/ChantalMB/PHITT-data/refs/heads/main/stamp-images/78-haiti.jpeg
79,Honduras,Central America,Americas,1890,1892,The 400th Anniversary of Discovery of America,Discovery (Columbus),https://www.stampworld.com/stamps/Honduras/Postage-stamps/g0059//,65-75,70-80,https://i.ebayimg.com/images/g/RzIAAOSwoDFb6yKb/s-l1600.webp,79-honduras.jpeg,https://raw.githubusercontent.com/ChantalMB/PHITT-data/refs/heads/main/stamp-images/79-honduras.jpeg
80,Hungary,Eastern Europe,Europe,1871,1919,Sandor Petofi,Creatives (Poet),https://www.stampworld.com/stamps/Hungary/Postage-stamps/g0290//,199,325A,https://i.ebayimg.com/images/g/c0gAAOSwAU5kgalV/s-l1600.webp,80-hungary.jpeg,https://raw.githubusercontent.com/ChantalMB/PHITT-data/refs/heads/main/stamp-images/80-hungary.jpeg
81,Iceland,Northern Europe,Europe,1873,1930,1000th Anniversary of the Althing,Constitutional,https://www.stampworld.com/stamps/Iceland/Postage-stamps/g0125//,152-166,158-173,https://i.ebayimg.com/images/g/Nd4AAOSwe45kJ8bU/s-l1600.webp,81-iceland.jpeg,https://raw.githubusercontent.com/ChantalMB/PHITT-data/refs/heads/main/stamp-images/81-iceland.jpeg
82,India ,Southern Asia,Asia,1852,1948,1st Anniversary of Independence,Leaders (Political),https://www.stampworld.com/stamps/India/Postage-stamps/g0190//,203-206,305-308,https://i.ebayimg.com/images/g/YhMAAOSw8UZj8YmT/s-l1600.webp,82-india.jpeg,https://raw.githubusercontent.com/ChantalMB/PHITT-data/refs/heads/main/stamp-images/82-india.jpeg
83,Indonesia,Southeastern Asia,Asia,1948,1950,The 5th Anniversary of Independence,Independence (National Symbols),https://www.stampworld.com/stamps/Indonesia/Postage-stamps/g0096//,359-361,602-604,https://i.ebayimg.com/images/g/z-4AAOSwaK1n3FPd/s-l500.jpg,83-indonesia.jpeg,https://raw.githubusercontent.com/ChantalMB/PHITT-data/refs/heads/main/stamp-images/83-indonesia.jpeg
84,Iran (IR),Southern Asia,Asia,1868,1935,10th Anniversary of the Seizure of Power by Reza Shah Pahlavi,Uprising,https://www.stampworld.com/stamps/Iran/Postage-stamps/g0639//,786-794,729-737,https://www.michaelrogersinc.com/articles/iranfascinating04.jpg,84-iranir.jpeg,https://raw.githubusercontent.com/ChantalMB/PHITT-data/refs/heads/main/stamp-images/84-iranir.jpeg
85,Iraq ,Western Asia,Asia,1918,1959,1st Anniversary of Revolution ,Uprising,https://www.stampworld.com/stamps/Iraq/Postage-stamps/g0281//,"248, 249","512, 513",https://i.ebayimg.com/images/g/ffQAAOSwPrtniH4V/s-l500.jpg,85-iraq.jpeg,https://raw.githubusercontent.com/ChantalMB/PHITT-data/refs/heads/main/stamp-images/85-iraq.jpeg
86,Ireland,Northern Europe,Europe,1922,1931,300th Anniversary of the Royal Dublin Society,Culture (Education),https://www.stampworld.com/stamps/Ireland/Postage-stamps/g0060//,84,93,https://i.ebayimg.com/images/g/ubcAAeSwHq9psuPF/s-l1600.webp,86-ireland.jpeg,https://raw.githubusercontent.com/ChantalMB/PHITT-data/refs/heads/main/stamp-images/86-ireland.jpeg
87,Israel ,Western Asia,Asia,1948,1949,1st Anniversary of Israeli Postage Stamps,Philately,https://www.stampworld.com/stamps/Israel/Postage-stamps/g0017//,16,16A,https://upload.wikimedia.org/wikipedia/he/b/b4/Stamp_of_Israel_-_Tabul_1949_-_10Pr.jpg,87-israel.jpeg,https://raw.githubusercontent.com/ChantalMB/PHITT-data/refs/heads/main/stamp-images/87-israel.jpeg
88,Italy,Southern Europe,Europe,1861,1910,50th Anniversary of the Referendum in Naples,Constitutional,https://www.stampworld.com/stamps/Italy/Postage-stamps/g0092//,"117, 118","81, 82",https://i.ebayimg.com/images/g/9r4AAOSwZ1Rg-Z-O/s-l1600.webp,88-italy.jpeg,https://raw.githubusercontent.com/ChantalMB/PHITT-data/refs/heads/main/stamp-images/88-italy.jpeg
89,Jamaica,Latin  America  and  the Caribbean,Americas,1860,1920,Columbus Landing in Jamaica,Discovery (Columbus),https://www.stampworld.com/stamps/Jamaica/Postage-stamps/g0080//,80,99a,https://i.ebayimg.com/images/g/NCgAAOSwg~tlsTZN/s-l1600.webp,89-jamaica.jpeg,https://raw.githubusercontent.com/ChantalMB/PHITT-data/refs/heads/main/stamp-images/89-jamaica.jpeg
90,Japan,Eastern Asia,Asia,1871,1921,50th Anniversary of the Postal Service,Philately,https://www.stampworld.com/stamps/Japan/Postage-stamps/g0146//,163-166,50-51,https://i.ebayimg.com/images/g/x9QAAeSwl3loLlOg/s-l1600.webp,90-japan.jpeg,https://raw.githubusercontent.com/ChantalMB/PHITT-data/refs/heads/main/stamp-images/90-japan.jpeg
91,Jordan ,Western Asia,Asia,1920,1964,Nubian Monuments,Culture,https://www.stampworld.com/stamps/Jordan/Postage-stamps/g0468//,463-465,595-597,https://cdn.collectorbazar.com/products/jordan-1964-nubian-monuments-preservation-mnh-440300-1.jpeg,91-jordan.jpeg,https://raw.githubusercontent.com/ChantalMB/PHITT-data/refs/heads/main/stamp-images/91-jordan.jpeg
92,Kazakhstan,Central Asia,Asia,1992,1993,325th Anniversary of the Birth of Bukar Zhyrau Kalkaman-Uly,Creatives (Poet),https://www.stampworld.com/stamps/Kazakhstan/Postage-stamps/g0033//,39,27,https://upload.wikimedia.org/wikipedia/commons/thumb/2/2e/Kazakhstan_stamp_B.Z.Kalkaman-Uly_1993_15t.jpg/500px-Kazakhstan_stamp_B.Z.Kalkaman-Uly_1993_15t.jpg,92-kazakhstan.jpeg,https://raw.githubusercontent.com/ChantalMB/PHITT-data/refs/heads/main/stamp-images/92-kazakhstan.jpeg
93,Kenya,Eastern Africa,Africa,1963,1977,25th Safari Rally - April 11th1977,Sports,https://www.stampworld.com/stamps/Kenya/Postage-stamps/g0076//,76-79,81-84,https://i.ebayimg.com/images/g/g4wAAOSwwRNi13IS/s-l1600.webp,93-kenya.jpeg,https://raw.githubusercontent.com/ChantalMB/PHITT-data/refs/heads/main/stamp-images/93-kenya.jpeg
94,Kiribati,Micronesia,Oceania,1979,1983,The 40th Anniversary of Battle of Tarawa,Military,https://www.stampworld.com/stamps/Kiribati/Postage-stamps/g0109//,631-5,210-214,https://i.ebayimg.com/images/g/acYAAOSw7qplkaMm/s-l1600.webp,94-kiribati.jpeg,https://raw.githubusercontent.com/ChantalMB/PHITT-data/refs/heads/main/stamp-images/94-kiribati.jpeg
95,Korea (DR),Eastern Asia,Asia,1946,1946,The 1st Anniversary of Liberation from Japan,Leaders (Political),https://www.stampworld.com/stamps/North-Korea/Postage-stamps/g0007//,6,N6,https://www.stampcommunity.org/uploaded/battlestamps/20161215_64499_opt.jpg,95-koreadr.jpeg,https://raw.githubusercontent.com/ChantalMB/PHITT-data/refs/heads/main/stamp-images/95-koreadr.jpeg
96,Korea (Rep),Eastern Asia,Asia,1946,1946,The 1st Anniversary of the Liberation,Independence (National Symbols),https://www.stampworld.com/stamps/South-Korea/Postage-stamps/g0013//,61-66,75-80,https://upload.wikimedia.org/wikipedia/commons/8/87/Commemorative_stamps_released_by_Japan%27s_colonial_rule_of_Korea.jpg,96-korearep.jpeg,https://raw.githubusercontent.com/ChantalMB/PHITT-data/refs/heads/main/stamp-images/96-korearep.jpeg
97,Kosovo,Southern Europe,Europe,2008,2008,Centenary of Alphabet,Culture,https://www.stampworld.com/stamps/Kosovo/Postage-stamps/g0116//,111,-,https://i.ebayimg.com/images/g/Me4AAOSwCZRfGrz3/s-l1200.jpg,97-kosovo.jpeg,https://raw.githubusercontent.com/ChantalMB/PHITT-data/refs/heads/main/stamp-images/97-kosovo.jpeg
98,Kuwait ,Western Asia,Asia,1923,1960,10th Anniversary of Shaikh's Accession,Leaders (Royalty),https://www.stampworld.com/stamps/Kuwait/Postage-stamps/g0143//,"153, 154",144145,https://i.ebayimg.com/images/g/vKcAAOSwlXlgaSA7/s-l500.jpg,98-kuwait.jpeg,https://raw.githubusercontent.com/ChantalMB/PHITT-data/refs/heads/main/stamp-images/98-kuwait.jpeg
99,Kyrgyzstan,Central Asia,Asia,1992,1993,2nd Anniversary of Independence,Independence (National Symbols),https://www.stampworld.com/stamps/Kyrgyzstan/Postage-stamps/g0018//,"13,14","18,19",https://i.ebayimg.com/images/g/oTgAAOSwKjZjlLf5/s-l1600.webp,99-kyrgyzstan.jpeg,https://raw.githubusercontent.com/ChantalMB/PHITT-data/refs/heads/main/stamp-images/99-kyrgyzstan.jpeg
100,Lao (PDR),Southeastern Asia,Asia,1951,1956,2500th Anniversary of birth of Buddha,Leaders (Religious),https://www.stampworld.com/stamps/Laos/Postage-stamps/g0049//,27-29,49-53,https://i.ebayimg.com/images/g/lQEAAOSwf7Bh~0gf/s-l1600.webp,100-laopdr.jpeg,https://raw.githubusercontent.com/ChantalMB/PHITT-data/refs/heads/main/stamp-images/100-laopdr.jpeg
101,Latvia,Northern Europe,Europe,1918,1919,1st Anniversary of Independence,Independence (National Symbols),https://www.stampworld.com/stamps/Latvia/Postage-stamps/g0020//,59-62,32-35,https://upload.wikimedia.org/wikipedia/commons/3/3a/Latvia_SC60_Laid_Paper.jpg,101-latvia.jpeg,https://raw.githubusercontent.com/ChantalMB/PHITT-data/refs/heads/main/stamp-images/101-latvia.jpeg
102,Lebanon ,Western Asia,Asia,1941,1942,1st Anniversary of Independence,Leaders (Political),https://www.stampworld.com/stamps/Lebanon/Postage-stamps/g0255//                                                        ,156-159,252-257,https://upload.wikimedia.org/wikipedia/commons/7/74/Stamp%2C_Emir_Bashir_Shehab_II.jpg,102-lebanon.jpeg,https://raw.githubusercontent.com/ChantalMB/PHITT-data/refs/heads/main/stamp-images/102-lebanon.jpeg
103,Lesotho,Southern Africa,Africa,1966,1969,The 100th Anniversary of Founding of Maseru,Cities,https://www.stampworld.com/stamps/Lesotho/Postage-stamps/g0067//,67-70,167-170,https://i.ebayimg.com/images/g/S94AAOSwztVb8v~~/s-l500.jpg,103-lesotho.jpeg,https://raw.githubusercontent.com/ChantalMB/PHITT-data/refs/heads/main/stamp-images/103-lesotho.jpeg
104,Liberia,Western Africa,Africa,1860,1923,The 100th Anniversary of the Landing of the First Settlers at Cape Mesurado,Discovery (Settlement),https://www.stampworld.com/stamps/Liberia/Postage-stamps/g0287//,209-213,466-470,https://i.ebayimg.com/images/g/WEAAAOSw3TldZG4a/s-l1600.webp,104-liberia.jpeg,https://raw.githubusercontent.com/ChantalMB/PHITT-data/refs/heads/main/stamp-images/104-liberia.jpeg
105,Libya,Northern Africa,Africa,1951,1956,The 100th Anniversary of the Death of Imam Essayed Mohamed Aly el Senussi,Faith ,https://www.stampworld.com/stamps/Libya/Postage-stamps/g0071//,169-172,225-228,https://i.ebayimg.com/images/g/UDIAAOSwF-1mzApr/s-l1600.webp,105-libya.jpeg,https://raw.githubusercontent.com/ChantalMB/PHITT-data/refs/heads/main/stamp-images/105-libya.jpeg
106,Liechtenstein,Western Europe,Europe,1912,1939,Homage offered to Francis Joseph II in 1718,Leaders (Royalty),https://www.stampworld.com/stamps/Liechtenstein/Postage-stamps/g0184//,154-156,183-185,https://i.ebayimg.com/images/g/nW4AAOSwlhdmFaOx/s-l1600.webp,106-liechtenstein.jpeg,https://raw.githubusercontent.com/ChantalMB/PHITT-data/refs/heads/main/stamp-images/106-liechtenstein.jpeg
107,Lithuania,Northern Europe,Europe,1918,1920,2nd Anniversary of Independence,Independence (National Symbols),https://www.stampworld.com/stamps/Lithuania/Postage-stamps/g0061//,70-80,65-75,https://i.ebayimg.com/images/g/iecAAOSw1JFlPB-Y/s-l1600.webp,107-lithuania.jpeg,https://raw.githubusercontent.com/ChantalMB/PHITT-data/refs/heads/main/stamp-images/107-lithuania.jpeg
108,Luxembourg,Western Europe,Europe,1852,1939,Centenary of Independence,Independence (History),https://www.stampworld.com/stamps/Luxembourg/Postage-stamps/g0322//,206-215,378-387,https://i.ebayimg.com/images/g/3C0AAeSw5A9ptvzq/s-l1600.webp,108-luxembourg.jpeg,https://raw.githubusercontent.com/ChantalMB/PHITT-data/refs/heads/main/stamp-images/108-luxembourg.jpeg
109,Madagascar,Eastern Africa,Africa,1960,1962,1962 The 2nd Anniversary of Inclusion to the United Nations,UN Admission,https://www.stampworld.com/stamps/Madagascar/Postage-stamps/g0524//,326-327,37-38,https://i.ebayimg.com/images/g/~zwAAeSwC~dofV3B/s-l1600.webp,109-madagascar.jpeg,https://raw.githubusercontent.com/ChantalMB/PHITT-data/refs/heads/main/stamp-images/109-madagascar.jpeg
110,Malawi,Eastern Africa,Africa,1964,1965,The 50th Anniversary of 1915 Rising,Uprising,https://www.stampworld.com/stamps/Malawi/Postage-stamps/g0029//,29-32,238-241,https://i.ebayimg.com/images/g/2RsAAOSwGcBmI-Ni/s-l1600.webp,110-malawi.jpeg,https://raw.githubusercontent.com/ChantalMB/PHITT-data/refs/heads/main/stamp-images/110-malawi.jpeg
111,Malaysia,Southeastern Asia,Asia,1963,1966,The 150th Anniversary of Penang Free School,Culture (Education),https://www.stampworld.com/stamps/Malaysia/Postage-stamps/g0034//,35-36,35-36,https://i.ebayimg.com/images/g/i58AAOSwFE1gUG7B/s-l1600.webp,111-malaysia.jpeg,https://raw.githubusercontent.com/ChantalMB/PHITT-data/refs/heads/main/stamp-images/111-malaysia.jpeg
112,Maldives ,Southern Asia,Asia,1906,1961,55th Anniversary of the First Maldivian Stamp,Philately,https://www.stampworld.com/stamps/Maldives/Postage-stamps/g0077//,77-86,78-87,https://i.ebayimg.com/images/g/XHMAAOSwXfFhkRnG/s-l1600.webp,112-maldives.jpeg,https://raw.githubusercontent.com/ChantalMB/PHITT-data/refs/heads/main/stamp-images/112-maldives.jpeg
113,Mali ,Western Africa,Africa,1959,1959,"300th Anniversary of Founding of St. Louis, Senegal",Cities,https://www.stampworld.com/stamps/Mali/Postage-stamps/g0002//,C1,2,https://i.ebayimg.com/images/g/YMIAAOSw-v5eIc-j/s-l1600.webp,113-mali.jpeg,https://raw.githubusercontent.com/ChantalMB/PHITT-data/refs/heads/main/stamp-images/113-mali.jpeg
114,Malta,Southern Europe,Europe,1860,1938,Grandmaster Adam de I'sle Entering Medina,Leaders (Royalty),https://www.stampworld.com/stamps/Malta/Postage-stamps/g0175//,196,229,https://i.ebayimg.com/images/g/1KMAAOSwuJJm3g6O/s-l1600.webp,114-malta.jpeg,https://raw.githubusercontent.com/ChantalMB/PHITT-data/refs/heads/main/stamp-images/114-malta.jpeg
115,Marshall Islands,Micronesia,Oceania,1984,1984,The 5th Anniversary of Constitution,Constitutional,https://www.stampworld.com/stamps/Marshall-Islands/Postage-stamps/g0027//,59-62,33-36,https://i.ebayimg.com/images/g/pvEAAOSw0NRhP6gp/s-l1600.webp,115-marshallislands.jpeg,https://raw.githubusercontent.com/ChantalMB/PHITT-data/refs/heads/main/stamp-images/115-marshallislands.jpeg
116,Mauritania ,Western Africa,Africa,1960,1962,The 2nd Anniversary of Independence from France,Independence (Economic),https://www.stampworld.com/stamps/Mauritania/Postage-stamps/g0198//,172,159,https://i.ebayimg.com/images/g/jQQAAeSwaUtpIxEm/s-l1600.webp,116-mauritania.jpeg,https://raw.githubusercontent.com/ChantalMB/PHITT-data/refs/heads/main/stamp-images/116-mauritania.jpeg
117,Mauritius,Eastern Africa,Africa,1968,1971,The 25th Anniversary of Plaisance Airport,Infrastructure (Transport),https://www.stampworld.com/stamps/Mauritius/Postage-stamps/g0396//,385-388,431-434,https://i.ebayimg.com/images/g/5LYAAOSwYvpgICfm/s-l1600.webp,117-mauritius.jpeg,https://raw.githubusercontent.com/ChantalMB/PHITT-data/refs/heads/main/stamp-images/117-mauritius.jpeg
118,Mexico,Central America,Americas,1856,1910,The 100th Anniversary of the Mexican War of Independence from Spain,Independence (History),https://www.stampworld.com/stamps/Mexico/Postage-stamps/g0302//,310-320,282-292,https://i.ebayimg.com/images/g/MjoAAeSwgWRpX7x5/s-l1600.webp,118-mexico.jpeg,https://raw.githubusercontent.com/ChantalMB/PHITT-data/refs/heads/main/stamp-images/118-mexico.jpeg
119,Micronesia (Federated States of),Micronesia,Oceania,1984,1984,"Pedro Fernandez de Quiros (Phonpei, 1595) ",Discovery (Voyages),https://www.stampworld.com/stamps/Micronesia/Postage-stamps/g0005//,"5-8, 13-16",-8. 13-16,https://i.ebayimg.com/images/g/zisAAeSw2ttofeZq/s-l1600.webp,119-micronesiafederatedstatesof.jpeg,https://raw.githubusercontent.com/ChantalMB/PHITT-data/refs/heads/main/stamp-images/119-micronesiafederatedstatesof.jpeg
120,Moldova,Eastern Europe,Europe,1991,1992,100th Anniversary of St. Panteleimon’s Church,Faith,https://www.stampworld.com/stamps/Moldova/Postage-stamps/g0020//,37,25,https://i.ebayimg.com/images/g/JvsAAOSwB-1Yzkt2/s-l1600.webp,120-moldova.jpeg,https://raw.githubusercontent.com/ChantalMB/PHITT-data/refs/heads/main/stamp-images/120-moldova.jpeg
121,Monaco,Western Europe,Europe,1885,1948,Death Centenary of sculptor Francois Joseph Bosio,Creatives (Artists),https://www.stampworld.com/stamps/Monaco/Postage-stamps/g0361//,209-213,172-173,https://upload.wikimedia.org/wikipedia/commons/a/ac/Stamp_1948_Monaco_MiNr0348_mt_B002.jpg,121-monaco.jpeg,https://raw.githubusercontent.com/ChantalMB/PHITT-data/refs/heads/main/stamp-images/121-monaco.jpeg
122,Mongolia,Eastern Asia,Asia,1924,1946,25th Anniversary of Independence,Independence (History),https://www.stampworld.com/stamps/Mongolia/Postage-stamps/g0073//,84-90,68-74,https://i.ebayimg.com/images/g/Fq0AAOSwAfth4Nnk/s-l500.jpg,122-mongolia.jpeg,https://raw.githubusercontent.com/ChantalMB/PHITT-data/refs/heads/main/stamp-images/122-mongolia.jpeg
123,Montenegro,Southern Europe,Europe,1874,1896,200th Anniversary of the Ruling dynasty,Leaders (Royalty),https://www.stampworld.com/stamps/Montenegro/Postage-stamps/g0022//,45-56,90-101,https://i.ebayimg.com/images/g/b-EAAeSwCDlpTqXN/s-l1600.webp,123-montenegro.jpeg,https://raw.githubusercontent.com/ChantalMB/PHITT-data/refs/heads/main/stamp-images/123-montenegro.jpeg
124,Montenegro ,Southern Europe,Europe,2006,2006,100th Anniversary of the Perper Currency,Independence (National Symbols),https://www.stampworld.com/stamps/Montenegro/Postage-stamps/g0120//,"135, 136","M190, M191",https://i.ebayimg.com/images/g/kOsAAOSw1cJmTIE5/s-l1600.webp,124-montenegro.jpeg,https://raw.githubusercontent.com/ChantalMB/PHITT-data/refs/heads/main/stamp-images/124-montenegro.jpeg
125,Morocco,Northern Africa,Africa,1956,1960,900th Anniversary of Marrakesh,Cities,https://www.stampworld.com/stamps/Morocco/Postage-stamps/g0459//,38,75,https://i.ebayimg.com/images/g/WMIAAOSwWUJf49jE/s-l1600.webp,125-morocco.jpeg,https://raw.githubusercontent.com/ChantalMB/PHITT-data/refs/heads/main/stamp-images/125-morocco.jpeg
126,Mozambique,Eastern Africa,Africa,1975,1976,The 1st Anniversary of Independence,Independence (History),https://www.stampworld.com/stamps/Mozambique/Postage-stamps/g0622//,546-550,666-670,https://i.ebayimg.com/images/g/oaoAAOSwcbNnSuzc/s-l1600.webp,126-mozambique.jpeg,https://raw.githubusercontent.com/ChantalMB/PHITT-data/refs/heads/main/stamp-images/126-mozambique.jpeg
127,Myanmar,Southeastern Asia,Asia,1990,1992,The 44th Anniversary of the Independence,Independence (National Symbols),https://www.stampworld.com/stamps/Myanmar/Postage-stamps/g0008//,"307, 308","324, 325",https://i.ebayimg.com/images/g/Qc4AAOSwk8llv1gC/s-l500.jpg,127-myanmar.jpeg,https://raw.githubusercontent.com/ChantalMB/PHITT-data/refs/heads/main/stamp-images/127-myanmar.jpeg
128,Namibia,Southern Africa,Africa,1990,1990,The 100th Anniversary of Windhoek,Cities,https://www.stampworld.com/stamps/Namibia/Postage-stamps/g0008//,666-669,545-548,https://i.ebayimg.com/images/g/ZEEAAOSwgXhhjNdg/s-l1600.webp,128-namibia.jpeg,https://raw.githubusercontent.com/ChantalMB/PHITT-data/refs/heads/main/stamp-images/128-namibia.jpeg
129,Nauru,Micronesia,Oceania,1968,1969,The 1st Anniversary of Independence,Independence (National Symbols),https://www.stampworld.com/stamps/Nauru/Postage-stamps/g0102//,88,96,https://i.ebayimg.com/images/g/E5AAAOSwHqddAumT/s-l1600.webp,129-nauru.jpeg,https://raw.githubusercontent.com/ChantalMB/PHITT-data/refs/heads/main/stamp-images/129-nauru.jpeg
130,Nepal ,Southern Asia,Asia,1881,1956,The 1st Anniversary of Admission to the UN,UN Admission,https://www.stampworld.com/stamps/Nepal/Postage-stamps/g0093//,89,102,https://i.ebayimg.com/images/g/FTQAAOSwwl9hpQN1/s-l1600.webp,130-nepal.jpeg,https://raw.githubusercontent.com/ChantalMB/PHITT-data/refs/heads/main/stamp-images/130-nepal.jpeg
131,Netherlands,Western Europe,Europe,1852,1907,"The 300th Anniversary of the Birth of Admiral Michiel Adriaanszoon De Ruyter, 1607-1676",Leaders (Military),https://www.stampworld.com/stamps/Netherlands/Postage-stamps/g0072//,87-89,211-213,https://i.ebayimg.com/images/g/JbMAAOSw6V1fFfkX/s-l1600.webp,131-netherlands.jpeg,https://raw.githubusercontent.com/ChantalMB/PHITT-data/refs/heads/main/stamp-images/131-netherlands.jpeg
132,New Zealand,Australia and New Zealand,Oceania,1855,1906,Landing of Cook and Annexation of New Zealand,Discovery (Founding),https://www.stampworld.com/stamps/New-Zealand/Postage-stamps/g0121//,"124, 125","372, 373",https://i.ebayimg.com/images/g/T7UAAOSwMPpjY-qS/s-l1600.webp,132-newzealand.jpeg,https://raw.githubusercontent.com/ChantalMB/PHITT-data/refs/heads/main/stamp-images/132-newzealand.jpeg
133,Nicaragua,Central America,Americas,1862,1892,Columbus  Sighting ,Discovery (Columbus),https://www.stampworld.com/stamps/Nicaragua/Postage-stamps/g0040//,40-49,47-56,https://i.ebayimg.com/images/g/I~kAAeSwANFp87bt/s-l1600.webp,133-nicaragua.jpeg,https://raw.githubusercontent.com/ChantalMB/PHITT-data/refs/heads/main/stamp-images/133-nicaragua.jpeg
134,Niger,Western Africa,Africa,1960,1961,Airmail - The 1st Anniversary of Admission into the United Nations,UN Admission,https://www.stampworld.com/stamps/Niger/Postage-stamps/g0018//,"C20, C21","119, 120",https://i.ebayimg.com/images/g/OyAAAOSwKwVks96G/s-l1600.webp,134-niger.jpeg,https://raw.githubusercontent.com/ChantalMB/PHITT-data/refs/heads/main/stamp-images/134-niger.jpeg
135,Nigeria,Western Africa,Africa,1960,1961,The 1st Anniversary of Independence,Independence (National Symbols),https://www.stampworld.com/stamps/Nigeria/Postage-stamps/g0119//,118-122,106-110,https://i.ebayimg.com/images/g/iLIAAOSww3Ri1acA/s-l1600.webp,135-nigeria.jpeg,https://raw.githubusercontent.com/ChantalMB/PHITT-data/refs/heads/main/stamp-images/135-nigeria.jpeg
136,North Macedonia,Southern Europe,Europe,1992,1993,The 90th Anniversary of the Uprising of Ilinden,Uprising,https://www.stampworld.com/stamps/Macedonia/Postage-stamps/g0015//,15,52,https://i.ebayimg.com/images/g/KNQAAeSw5Ahp31RY/s-l1600.webp,136-northmacedonia.jpeg,https://raw.githubusercontent.com/ChantalMB/PHITT-data/refs/heads/main/stamp-images/136-northmacedonia.jpeg
137,Norway,Northern Europe,Europe,1855,1914,100th Anniversary of Declaration of Independence,Independence (History),https://www.stampworld.com/stamps/Norway/Postage-stamps/g0090//,96-98,159-161,https://i.ebayimg.com/images/g/ln8AAeSwRCxo30Wl/s-l1600.webp,137-norway.jpeg,https://raw.githubusercontent.com/ChantalMB/PHITT-data/refs/heads/main/stamp-images/137-norway.jpeg
138,Oman ,Western Asia,Asia,1971,1980,1400th Anniversary of Hegira (Islamic Calendar),Culture,https://www.stampworld.com/stamps/Oman/Postage-stamps/g0084//,"198, 199","229, 230",https://i.ebayimg.com/images/g/6e4AAOSwAaVflraI/s-l1600.webp,138-oman.jpeg,https://raw.githubusercontent.com/ChantalMB/PHITT-data/refs/heads/main/stamp-images/138-oman.jpeg
139,Pakistan ,Southern Asia,Asia,1947,1948,1st Anniversary of the Declaration of Independence,Independence (National Symbols),https://www.stampworld.com/stamps/Pakistan/Postage-stamps/g0021//,20-23,20-23,https://i.ebayimg.com/images/g/-b0AAeSwIUpoUDsY/s-l1600.webp,139-pakistan.jpeg,https://raw.githubusercontent.com/ChantalMB/PHITT-data/refs/heads/main/stamp-images/139-pakistan.jpeg
140,Palau,Micronesia,Oceania,1983,1983,The 200th Anniversary of Captain Henry Wilson's Voyage to Palau,Discovery (Voyages),https://www.stampworld.com/stamps/Palau/Postage-stamps/g0029//,33-40,34-41,https://i.ebayimg.com/images/g/qVoAAOSwr7Nlliqv/s-l1600.webp,140-palau.jpeg,https://raw.githubusercontent.com/ChantalMB/PHITT-data/refs/heads/main/stamp-images/140-palau.jpeg
141,Palestine (State of),Western Asia,Asia,1994,1997,Historic Views of Gaza and Hebron,Cities,https://www.stampworld.com/stamps/Palestine/Postage-stamps/g0072//,66. 67,"PA96, PA97",https://i.ebayimg.com/images/g/ufAAAOSwUuFnzsfd/s-l1600.webp,141-palestinestateof.jpeg,https://raw.githubusercontent.com/ChantalMB/PHITT-data/refs/heads/main/stamp-images/141-palestinestateof.jpeg
142,Panama,Central America,Americas,1878,1905,The 2nd Anniversary of Independence from Colombia ,Independence (National Symbols),https://www.stampworld.com/stamps/Panama/Postage-stamps/g0139//,"179, 180","136, 137",https://i.ebayimg.com/images/g/m1AAAOSwhB5ifRrx/s-l1600.webp,142-panama.jpeg,https://raw.githubusercontent.com/ChantalMB/PHITT-data/refs/heads/main/stamp-images/142-panama.jpeg
143,Papua New Guinea,Melanesia,Oceania,1952,1973,The 75th Anniversary of Papua New Guinea Stamps,Philately,https://www.stampworld.com/stamps/Papua-New-Guinea/Postage-stamps/g0263//,389-394,260-265,https://i.ebayimg.com/images/g/24cAAOSwvHdj9Pxg/s-l1600.webp,143-papuanewguinea.jpeg,https://raw.githubusercontent.com/ChantalMB/PHITT-data/refs/heads/main/stamp-images/143-papuanewguinea.jpeg
144,Paraguay,Latin  America and the Caribbean,Americas,1870,1911,Centenary of Independence ,Independence (National Symbols),https://www.stampworld.com/stamps/Paraguay/Postage-stamps/g0192//,201-207,218-224,https://i.ebayimg.com/images/g/vxcAAeSw74xpJdZG/s-l1600.webp,144-paraguay.jpeg,https://raw.githubusercontent.com/ChantalMB/PHITT-data/refs/heads/main/stamp-images/144-paraguay.jpeg
145,Peru,Latin  America  and  the Caribbean,Americas,1858,1871,The 20th Anniversary of the First Railway in South America,Infastructure (Railway),https://www.stampworld.com/stamps/Peru/Postage-stamps/g0021//,19,21a,https://upload.wikimedia.org/wikipedia/commons/4/43/Stamp_of_Peru_-_1871_-_Colnect_352999_-_Locomotive_and_Arms.jpeg,145-peru.jpeg,https://raw.githubusercontent.com/ChantalMB/PHITT-data/refs/heads/main/stamp-images/145-peru.jpeg
146,Philippines,Southeastern Asia,Asia,1854,1935,Magellan's Landing,Discovery,https://www.stampworld.com/stamps/Philippines/Postage-stamps/g0364//,389,465,https://i.ebayimg.com/images/g/bnAAAOSw975h6sSU/s-l1600.webp,146-philippines.jpeg,https://raw.githubusercontent.com/ChantalMB/PHITT-data/refs/heads/main/stamp-images/146-philippines.jpeg
147,Poland,Eastern Europe,Europe,1860,1923,450th Anniversary of the Birth of Nikola Kopernik ,Science ,https://www.stampworld.com/stamps/Poland/Postage-stamps/g0147//,192,199,https://i.ebayimg.com/images/g/ZuUAAeSwHRxouWAX/s-l1600.webp,147-poland.jpeg,https://raw.githubusercontent.com/ChantalMB/PHITT-data/refs/heads/main/stamp-images/147-poland.jpeg
148,Portugal,Southern Europe,Europe,1853,1894,"The 500th Anniversary of the Birth of Henry the Mariner, 1394-1460",Leaders (Royalty),https://www.stampworld.com/stamps/Portugal/Postage-stamps/g0097//,97-109,314-326,https://i.ebayimg.com/images/g/hQAAAOSwNklnRFE1/s-l1600.webp,148-portugal.jpeg,https://raw.githubusercontent.com/ChantalMB/PHITT-data/refs/heads/main/stamp-images/148-portugal.jpeg
149,Qatar ,Western Asia,Asia,1957,1968,10th Anniversary of Postage Stamps in Qatar,Philately,https://www.stampworld.com/stamps/Qatar/Postage-stamps/g0339//,"127, 127A-127E",228-233,https://i.ebayimg.com/images/g/6n8AAOSwondn6e1n/s-l1600.webp,149-qatar.jpeg,https://raw.githubusercontent.com/ChantalMB/PHITT-data/refs/heads/main/stamp-images/149-qatar.jpeg
150,Romania,Eastern Europe,Europe,1858,1906,40 Years  of the reign of King Karl I,Leaders (Royalty),https://www.stampworld.com/stamps/Romania/Postage-stamps/g0184//,176-185,503-512,https://i.ebayimg.com/images/g/oEsAAOSwbaJnJoJi/s-l1600.webp,150-romania.jpeg,https://raw.githubusercontent.com/ChantalMB/PHITT-data/refs/heads/main/stamp-images/150-romania.jpeg
151,Russia,Eastern Europe,Europe,1857,1913,300th Anniversary of the Founding of the Romanov Dynasty ,Leaders (Royalty),https://www.stampworld.com/stamps/Russia/Postage-stamps/g0081//,88-104,126-142,https://i.ebayimg.com/images/g/DK0AAeSw0eVpm3n4/s-l1600.webp,151-russia.jpeg,https://raw.githubusercontent.com/ChantalMB/PHITT-data/refs/heads/main/stamp-images/151-russia.jpeg
152,Russian Federation ,Eastern Europe,Europe,1991,1992,750th Anniversary of the Battle of Lake Peipus,Military,https://www.stampworld.com/stamps/Russia/Postage-stamps/g0217//,6059,2545,https://i.ebayimg.com/images/g/0ugAAOSw3FRloypB/s-l1600.webp,152-russianfederation.jpeg,https://raw.githubusercontent.com/ChantalMB/PHITT-data/refs/heads/main/stamp-images/152-russianfederation.jpeg
153,Rwanda,Eastern Africa,Africa,1962,1963,1963 The 1st Anniversary of Independence,Independence (Flora and Fauna),https://www.stampworld.com/stamps/Rwanda/Postage-stamps/g0027//,27-35,27-35,https://i.ebayimg.com/images/g/~IkAAOSwr7VoK4VD/s-l1600.webp,153-rwanda.jpeg,https://raw.githubusercontent.com/ChantalMB/PHITT-data/refs/heads/main/stamp-images/153-rwanda.jpeg
154,Saint Kitts and Nevis,Latin  America  and  the Caribbean,Americas,1980,1981,Military Uniforms,Military,https://www.stampworld.com/stamps/St.-Kitts/Postage-stamps/g0043//,67-74,71-74,https://i.ebayimg.com/images/g/XIoAAOSwTGtj2~hl/s-l1600.webp,154-saintkittsandnevis.jpeg,https://raw.githubusercontent.com/ChantalMB/PHITT-data/refs/heads/main/stamp-images/154-saintkittsandnevis.jpeg
155,Saint Lucia,Latin  America  and  the Caribbean,Americas,1860,1902,The 400th Anniversary of the Discovery of the Island,Discovery (Columbus),https://www.stampworld.com/stamps/St.-Lucia/Postage-stamps/g0034//,49,63,https://i.ebayimg.com/images/g/6aYAAOSwulBm~XOS/s-l1600.webp,155-saintlucia.jpeg,https://raw.githubusercontent.com/ChantalMB/PHITT-data/refs/heads/main/stamp-images/155-saintlucia.jpeg
156,Saint Vincent and The Grenadines,Latin  America  and  the Caribbean,Americas,1861,1964,The 50th Anniversary of Scouting in St. Vincent [St Vincent],Culture (Education),https://www.stampworld.com/stamps/St.-Vincent/Postage-stamps/g0206//,216-219,221-224,https://i.ebayimg.com/images/g/GQAAAeSwmqJobEEa/s-l1600.webp,156-saintvincentandthegrenadines.jpeg,https://raw.githubusercontent.com/ChantalMB/PHITT-data/refs/heads/main/stamp-images/156-saintvincentandthegrenadines.jpeg
157,Samoa,Polynesia,Oceania,1877,1939,The 25th Anniversary of New Zealand Control,Constitutional,https://www.stampworld.com/stamps/Samoa/Postage-stamps/g0093//,181-184,195-198,https://i.ebayimg.com/images/g/5GUAAOSwcLloVaEj/s-l1600.webp,157-samoa.jpeg,https://raw.githubusercontent.com/ChantalMB/PHITT-data/refs/heads/main/stamp-images/157-samoa.jpeg
158,San Marino,Southern Europe,Europe,1877,1923,Italian Flag Delivered to San Marino after Arbe Island's Return to Yugoslavia,Founding (History),https://www.stampworld.com/stamps/San-Marino/Postage-stamps/g0089//,82,92,https://i.ebayimg.com/images/g/0mgAAeSwN1NpSzge/s-l1600.webp,158-sanmarino.jpeg,https://raw.githubusercontent.com/ChantalMB/PHITT-data/refs/heads/main/stamp-images/158-sanmarino.jpeg
159,Sao Tome And Principe,Middle Africa,Africa,1975,1976,The 1st Anniversary of Independence, Independence (History),https://www.stampworld.com/stamps/Sao-Tome-And-Principe/Postage-stamps/g0473//,437-440,497-500,https://www.stampworld.com/media/catalogue/Sao-Tome-And-Principe/Postage-stamps/DR-s.jpg,159-saotomeandprincipe.jpeg,https://raw.githubusercontent.com/ChantalMB/PHITT-data/refs/heads/main/stamp-images/159-saotomeandprincipe.jpeg
160,Saudi Arabia ,Western Asia,Asia,1916,1950,50th Anniversary of Capture of Riyadh by King Abdulaziz Ibn Saud,Uprising,https://www.stampworld.com/stamps/Saudi-Arabia/Postage-stamps/g0037//,180-184,365-369,https://postalmuseum.si.edu/object/npm_2011.2005.451,160-saudiarabia.jpeg,https://raw.githubusercontent.com/ChantalMB/PHITT-data/refs/heads/main/stamp-images/160-saudiarabia.jpeg
161,Senegal,Western Africa,Africa,1958,1961,The 1st Anniversary of Independence,Independence (National Symbols),https://www.stampworld.com/stamps/Senegal/Postage-stamps/g0250//,201,239,https://i.ebayimg.com/images/g/CqcAAOSwFKVgH6C1/s-l1600.webp,161-senegal.jpeg,https://raw.githubusercontent.com/ChantalMB/PHITT-data/refs/heads/main/stamp-images/161-senegal.jpeg
162,Serbia,Southern Europe,Europe,1886,1904,Centenary of Dynasty,Leaders (Royalty),https://www.stampworld.com/stamps/Serbia/Postage-stamps/g0075//,79-86,108-155,https://i.ebayimg.com/images/g/dhoAAOSwtFRj2EnN/s-l1600.webp,162-serbia.jpeg,https://raw.githubusercontent.com/ChantalMB/PHITT-data/refs/heads/main/stamp-images/162-serbia.jpeg
163,Serbia,Southern Europe,Europe,2003,2006,The 200th Anniversary of Battle on Mishar,Military,https://www.stampworld.com/stamps/Serbia/Postage-stamps/g0149//,348,248,https://alchetron.com/cdn/battle-of-miar-2530650d-20d2-4425-a562-7c57e20da9e-resize-750.jpeg,163-serbia.jpeg,https://raw.githubusercontent.com/ChantalMB/PHITT-data/refs/heads/main/stamp-images/163-serbia.jpeg
164,Seychelles,Eastern Africa,Africa,1976,1978,The 200th Anniversary of Victoria (capital),Cities,https://www.stampworld.com/stamps/Seychelles/Postage-stamps/g0426//,421-424,437-440,https://upload.wikimedia.org/wikipedia/commons/8/82/Stamp_of_Seychelles_-_1978_-_Colnect_500791_-_%E2%80%9CStone_of_Possession%E2%80%9D.jpeg,164-seychelles.jpeg,https://raw.githubusercontent.com/ChantalMB/PHITT-data/refs/heads/main/stamp-images/164-seychelles.jpeg
165,Sierra Leone,Western Africa,Africa,1961,1966,The 5th Anniversary of Independence and Gold Coinage,Independence (National Symbols),https://www.stampworld.com/stamps/Sierra-Leone/Postage-stamps/g0384//,323-328,398-409,https://i.ebayimg.com/images/g/mMgAAOSwbIlgCCG8/s-l1600.webp,165-sierraleone.jpeg,https://raw.githubusercontent.com/ChantalMB/PHITT-data/refs/heads/main/stamp-images/165-sierraleone.jpeg
166,Singapore,Southeastern Asia,Asia,1965,1966,The 1st Anniversary of Republic,Independence (History),https://www.stampworld.com/stamps/Singapore/Postage-stamps/g0074//,73-78,89-91,https://i.ebayimg.com/images/g/QOAAAOSwcHpnsjsg/s-l1600.webp,166-singapore.jpeg,https://raw.githubusercontent.com/ChantalMB/PHITT-data/refs/heads/main/stamp-images/166-singapore.jpeg
167,Slovakia,Eastern Europe,Europe,1993,1993,600th Death Anniversary of St John of Nepomuk,Faith ,https://www.stampworld.com/stamps/Czech-Republic/Postage-stamps/g0004//,158,158,https://i.ebayimg.com/images/g/Dl8AAOSwLf9gba6M/s-l1600.webp,167-slovakia.jpeg,https://raw.githubusercontent.com/ChantalMB/PHITT-data/refs/heads/main/stamp-images/167-slovakia.jpeg
168,Slovenia,Southern Europe,Europe,1991,1992,The 100th Anniversary of the Opera House in Ljubljana,Culture ,https://www.stampworld.com/stamps/Slovenia/Postage-stamps/g0018//,135,155,https://i.ebayimg.com/images/g/4hYAAOSwYMBnfLve/s-l1600.webp,168-slovenia.jpeg,https://raw.githubusercontent.com/ChantalMB/PHITT-data/refs/heads/main/stamp-images/168-slovenia.jpeg
169,Solomon Islands,Melanesia,Oceania,1907,1967,The 25th Anniversary of Guadalcanal Campaign,Military,https://www.stampworld.com/stamps/Solomon-Islands/Postage-stamps/g0161//,"174, 175","160, 161",https://i.ebayimg.com/images/g/g6AAAeSwW0Vpa8jI/s-l1600.webp,169-solomonislands.jpeg,https://raw.githubusercontent.com/ChantalMB/PHITT-data/refs/heads/main/stamp-images/169-solomonislands.jpeg
170,Somalia,Eastern Africa,Africa,1960,1963,The 3rd Anniversary of Independence,Independence (National Symbols),https://www.stampworld.com/stamps/Somalia/Postage-stamps/g0051//,270,403,https://i.ebayimg.com/images/g/748AAOSw42dZKYGB/s-l1600.webp,170-somalia.jpeg,https://raw.githubusercontent.com/ChantalMB/PHITT-data/refs/heads/main/stamp-images/170-somalia.jpeg
171,South Africa,Southern Africa,Africa,1910,1938,1938 Voortrekkers 100th Anniversary Commemoration,Discovery (Settlement),https://www.stampworld.com/en/stamps/South-Africa/Postage%20stamps/1930-1939?year=1938&user=281383,"79, 80","76, 77",https://i.ebayimg.com/images/g/hisAAeSwy6tp5qqb/s-l1600.webp,171-southafrica.jpeg,https://raw.githubusercontent.com/ChantalMB/PHITT-data/refs/heads/main/stamp-images/171-southafrica.jpeg
172,South Sudan,Eastern Africa,Africa,2011,2024,The 13th Anniversary of Independence,Independence (Flora and Fauna),https://www.stampworld.com/stamps/South-Sudan/Postage-stamps/g0037//,0,0,https://i.ebayimg.com/images/g/TicAAOSwLG1mlwz2/s-l1600.webp,172-southsudan.jpeg,https://raw.githubusercontent.com/ChantalMB/PHITT-data/refs/heads/main/stamp-images/172-southsudan.jpeg
173,Spain,Southern Europe,Europe,1850,1905,The 300th Anniversary of Don Quijote,Culture (Literature),https://www.stampworld.com/stamps/Spain/Postage-stamps/g0218//,287-296,307-316,https://ids.si.edu/ids/deliveryService?max=700&id=NPM-2011_2005_268,173-spain.jpeg,https://raw.githubusercontent.com/ChantalMB/PHITT-data/refs/heads/main/stamp-images/173-spain.jpeg
174,Sri Lanka ,Southern Asia,Asia,1972,1975,Sir Ponnambalam Ramanathan Commemoration (d. 1930),Leaders (Political),https://www.stampworld.com/stamps/Sri-Lanka/Postage-stamps/g0017//,492,218,https://i.ebayimg.com/images/g/BzMAAOSwhwRntUgZ/s-l1600.webp,174-srilanka.jpeg,https://raw.githubusercontent.com/ChantalMB/PHITT-data/refs/heads/main/stamp-images/174-srilanka.jpeg
175,Sudan,Northern Africa,Africa,1956,1961, The 50th Anniversary of Education for Girls,Culture (Education),https://www.stampworld.com/stamps/Sudan/Postage-stamps/g0172//,139-141,164-166,https://i.ebayimg.com/images/g/FuYAAOSw2MVgblOz/s-l1600.webp,175-sudan.jpeg,https://raw.githubusercontent.com/ChantalMB/PHITT-data/refs/heads/main/stamp-images/175-sudan.jpeg
176,Suriname,Latin  America  and  the Caribbean,Americas,1975,1977,150th Anniversary of steamer connection with the Netherlands,Infrastructure (transport),https://www.stampworld.com/stamps/Suriname/Postage-stamps/g0792//,478-483,894-889,https://i.ebayimg.com/images/g/9WcAAOSwgKBaxjn6/s-l1600.webp,176-suriname.jpeg,https://raw.githubusercontent.com/ChantalMB/PHITT-data/refs/heads/main/stamp-images/176-suriname.jpeg
177,Sweden,Northern Europe,Europe,1855,1932,300th Anniversary of the Death of Gustavus Adolphus,Leaders (Royalty) ,https://www.stampworld.com/stamps/Sweden/Postage-stamps/g0218//,230-235,177-180,https://i.ebayimg.com/images/g/f90AAeSwIW5pU15~/s-l1600.webp,177-sweden.jpeg,https://raw.githubusercontent.com/ChantalMB/PHITT-data/refs/heads/main/stamp-images/177-sweden.jpeg
178,Switzerland,Western Europe,Europe,1849,1938,The Assembly at Stans,Constitutional,https://www.stampworld.com/stamps/Switzerland/Postage-stamps/g0322//,243-246,388-390,https://i.ebayimg.com/images/g/63IAAeSwdg9o6BoQ/s-l1600.webp,178-switzerland.jpeg,https://raw.githubusercontent.com/ChantalMB/PHITT-data/refs/heads/main/stamp-images/178-switzerland.jpeg
179,Syria (AR),Western Asia,Asia,1919,1934,10th Anniversary of Republic,Independence (History),https://www.stampworld.com/stamps/Syria/Postage-stamps/g0276//,232-250,271-289,https://upload.wikimedia.org/wikipedia/commons/a/ad/Syria_stamp_Al-Ma%27arri_%281934%29%2C_1_p.jpg,179-syriaar.jpeg,https://raw.githubusercontent.com/ChantalMB/PHITT-data/refs/heads/main/stamp-images/179-syriaar.jpeg
180,Taiwan,Eastern Asia,Asia,1945,1947,First  Anniversary of the Return of Chinese National Government to Nanking ,Founding (History),https://www.stampworld.com/stamps/Taiwan/Postage-stamps/g0036//,732-736,36-40,https://i.ebayimg.com/images/g/g4gAAOSwydJjtm4N/s-l1600.webp,180-taiwan.jpeg,https://raw.githubusercontent.com/ChantalMB/PHITT-data/refs/heads/main/stamp-images/180-taiwan.jpeg
181,Tajikistan,Central Asia,Asia,1991,1993,100th Anniversary of Persian National Epic “Shakhnoma”,Culture (Literature),https://www.stampworld.com/stamps/Tajikistan/Postage-stamps/g0027//,34-37,28-30,https://upload.wikimedia.org/wikipedia/commons/c/c3/Stamp_of_Tajikistan_-_1993_-_Colnect_426287_-_Combat_with_Swords.jpeg,181-tajikistan.jpeg,https://raw.githubusercontent.com/ChantalMB/PHITT-data/refs/heads/main/stamp-images/181-tajikistan.jpeg
182,Tanganyika,Eastern Africa,Africa,1916,1962,Anniversary of Independence of Tanganyika,Independence (National Symbols),https://www.stampworld.com/stamps/Tanganyika/Postage-stamps/g0078//,57-60,120-123,https://upload.wikimedia.org/wikipedia/commons/e/e9/1st_anniversary_of_the_Tanganyika_Independence_stamps.jpg,182-tanganyika.jpeg,https://raw.githubusercontent.com/ChantalMB/PHITT-data/refs/heads/main/stamp-images/182-tanganyika.jpeg
183,Tanzania (UR),Eastern Africa,Africa,1964,1977,The 25th Anniversary of Safari Rally,Sports,https://www.stampworld.com/stamps/Tanzania/Postage-stamps/g0074//,74-77,202-205,https://i.ebayimg.com/images/g/qTkAAOSwTTNh~Cqu/s-l1600.webp,183-tanzaniaur.jpeg,https://raw.githubusercontent.com/ChantalMB/PHITT-data/refs/heads/main/stamp-images/183-tanzaniaur.jpeg
184,Thailand,Southeastern Asia,Asia,1883,1908,The 40th Anniversary of the Reign of King Chulalongkorn,Leaders (Royalty),https://www.stampworld.com/stamps/Thailand/Postage-stamps/g0081//,118-124,118-124,https://i.ebayimg.com/images/g/yzQAAOSw7b9fmHlO/s-l1600.webp,184-thailand.jpeg,https://raw.githubusercontent.com/ChantalMB/PHITT-data/refs/heads/main/stamp-images/184-thailand.jpeg
185,Timor Leste,Southeastern Asia,Asia,2002,2016,500th Anniversary of the Arrival of the Portuguese,Discovery (settlement),https://www.stampworld.com/stamps/Timor-Leste/Postage-stamps/g0018//,371-372,17-18,https://i.ebayimg.com/images/g/~KoAAeSwkONpuJVA/s-l1600.webp,185-timorleste.jpeg,https://raw.githubusercontent.com/ChantalMB/PHITT-data/refs/heads/main/stamp-images/185-timorleste.jpeg
186,Togo,Western Africa,Africa,1958,1961, The 1st Anniversary of Independence, Leaders (Political),https://www.stampworld.com/stamps/Togo/Postage-stamps/g0344//,396-400,276-280,https://i.ebayimg.com/images/g/4yAAAOSwdDRkA6tq/s-l1600.webp,186-togo.jpeg,https://raw.githubusercontent.com/ChantalMB/PHITT-data/refs/heads/main/stamp-images/186-togo.jpeg
187,Tonga,Polynesia,Oceania,1886,1951,50th Anniversary of Friendship bewtween Tonga and Great Britain ,Leaders (Royalty),https://www.stampworld.com/stamps/Tonga/Postage-stamps/g0094//,94-99,95-100,https://i.ebayimg.com/images/g/GQQAAOSwvjdky5sn/s-l1600.webp,187-tonga.jpeg,https://raw.githubusercontent.com/ChantalMB/PHITT-data/refs/heads/main/stamp-images/187-tonga.jpeg
188,Trinidad And Tobago,Latin  America  and  the Caribbean,Americas,1913,1964,The 50th Anniversary of Trinidad and Tobago Girl Guides' Association,Culture (Education),https://www.stampworld.com/stamps/Trinidad-And-Tobago/Postage-stamps/g0128//,113-115,308-310,https://i.ebayimg.com/images/g/Cd4AAOSwfw5foYed/s-l1600.webp,188-trinidadandtobago.jpeg,https://raw.githubusercontent.com/ChantalMB/PHITT-data/refs/heads/main/stamp-images/188-trinidadandtobago.jpeg
189,Tunisia,Northern Africa,Africa,1956,1956,"The 4th Anniversary of the Death of Farhat Hached, 1914-1952",Leaders (Political),https://www.stampworld.com/stamps/Tunisia/Postage-stamps/g0479//,"294, 295","434, 435",https://upload.wikimedia.org/wikipedia/commons/7/78/Tunisian_stamp_about_Farhat_Hached.jpg,189-tunisia.jpeg,https://raw.githubusercontent.com/ChantalMB/PHITT-data/refs/heads/main/stamp-images/189-tunisia.jpeg
190,Turkiye,Western Asia,Asia,1863,1924,Kemal Ataturk and Sakarya Bridge (1921 battle) on stamps celebrating Treaty of Lausanne of 1923),Military,https://www.stampworld.com/stamps/Turkey/Postage-stamps/g0857//,625-632,1013-1020,https://i.ebayimg.com/images/g/aiYAAOSwS2xniyA8/s-l1600.webp,190-turkiye.jpeg,https://raw.githubusercontent.com/ChantalMB/PHITT-data/refs/heads/main/stamp-images/190-turkiye.jpeg
191,Turkmenistan,Central Asia,Asia,1992,1992,1st Anniversary of Independence,Leaders (Political),https://www.stampworld.com/stamps/Turkmenistan/Postage-stamps/g0012//,8,5,https://i.ebayimg.com/images/g/oa0AAOSwPUxi0bH3/s-l1600.webp,191-turkmenistan.jpeg,https://raw.githubusercontent.com/ChantalMB/PHITT-data/refs/heads/main/stamp-images/191-turkmenistan.jpeg
192,Tuvalu,Polynesia,Oceania,1976,1977,"Royal Society Expeditions, 1896-97",Science,https://www.stampworld.com/stamps/Tuvalu/Postage-stamps/g0054//,54-57,77-80,https://i.ebayimg.com/images/g/dkYAAOSwdWFmD18z/s-l1600.webp,192-tuvalu.jpeg,https://raw.githubusercontent.com/ChantalMB/PHITT-data/refs/heads/main/stamp-images/192-tuvalu.jpeg
193,Uganda,Eastern Africa,Africa,1895,1977,1977 The 25th Anniversary of Safari Rally,Sports,https://www.stampworld.com/stamps/Uganda/Postage-stamps/g0164//,167-170,188-191,https://i.ebayimg.com/images/g/STUAAeSwZfBpipYm/s-l1600.webp,193-uganda.jpeg,https://raw.githubusercontent.com/ChantalMB/PHITT-data/refs/heads/main/stamp-images/193-uganda.jpeg
194,Ukraine,Eastern Europe,Europe,1992,1992,500th Anniversary of Ukraine Cossacks,Military,https://www.stampworld.com/stamps/Ukraine/Postage-stamps/g0090//,100,20,https://i.ebayimg.com/images/g/kOEAAOSwAK9iWCmo/s-l1600.webp,194-ukraine.jpeg,https://raw.githubusercontent.com/ChantalMB/PHITT-data/refs/heads/main/stamp-images/194-ukraine.jpeg
195,United Arab Emirates ,Western Asia,Asia,1973,1986,1st Anniversary of the General Postal Authority,Philatelic,https://www.stampworld.com/stamps/United-Arab-Emirates/Postage-stamps/g0194//,209-212,194-197,https://i.ebayimg.com/images/g/2zQAAOSwWQZnDC7v/s-l1600.webp,195-unitedarabemirates.jpeg,https://raw.githubusercontent.com/ChantalMB/PHITT-data/refs/heads/main/stamp-images/195-unitedarabemirates.jpeg
196,United States,North America,Americas,1847,1869,Columbus Landing ,Discovery (Columbus),https://www.stampworld.com/stamps/United-States/Postage-stamps/g0043//,118,121,https://i.ebayimg.com/images/g/dxYAAeSwRI1pcWDq/s-l1600.webp,196-unitedstates.jpeg,https://raw.githubusercontent.com/ChantalMB/PHITT-data/refs/heads/main/stamp-images/196-unitedstates.jpeg
197,Uruguay,Latin  America  and  the Caribbean,Americas,1856,1908,"The 83rd Anniversary of the Uprising of the ""Immortal 33"" under Levalleja",Uprising,https://www.stampworld.com/stamps/Uruguay/Postage-stamps/g0175//,174-176,279-281,https://i.ebayimg.com/images/g/SEYAAOSwu8xnebuy/s-l1600.webp,197-uruguay.jpeg,https://raw.githubusercontent.com/ChantalMB/PHITT-data/refs/heads/main/stamp-images/197-uruguay.jpeg
198,USSR,Eastern Europe,Europe,1923,1925,1st Anniversary of Lenin's Death,Leaders (Political),https://www.stampworld.com/stamps/USSR/Postage-stamps/g0074//,294-301,426-429,https://i.ebayimg.com/images/g/5DsAAOSwjKJm152v/s-l1600.webp,198-ussr.jpeg,https://raw.githubusercontent.com/ChantalMB/PHITT-data/refs/heads/main/stamp-images/198-ussr.jpeg
199,Uzbekistan,Central Asia,Asia,1992,1992,200th Anniversary of the Birth of Princess Nadira,Leaders (Royalty),https://www.stampworld.com/stamps/Uzbekistan/Postage-stamps/g0001//,1,1,https://upload.wikimedia.org/wikipedia/commons/thumb/c/c0/1992_Uzbekistan_stamp.jpg/250px-1992_Uzbekistan_stamp.jpg,199-uzbekistan.jpeg,https://raw.githubusercontent.com/ChantalMB/PHITT-data/refs/heads/main/stamp-images/199-uzbekistan.jpeg
200,Vanuatu,Melanesia,Oceania,1980,1981,The 1st Anniversary of Independence,Independence (National Symbols),https://www.stampworld.com/stamps/Vanuatu/Postage-stamps/g0049//,311-314,318-321,https://postalmuseum.si.edu/object/npm_1983.0147.19482,200-vanuatu.jpeg,https://raw.githubusercontent.com/ChantalMB/PHITT-data/refs/heads/main/stamp-images/200-vanuatu.jpeg
201,Vatican City (Holy See),Southern Europe,Europe,1929,1936,St. John Bosco (Catholic Press Exhibition),Leaders (Religious),https://www.stampworld.com/stamps/Vatican-City/Postage-stamps/g0051//,"49,52","49, 52",https://i.ebayimg.com/images/g/kGIAAOSwwfdm5val/s-l1600.webp,201-vaticancityholysee.jpeg,https://raw.githubusercontent.com/ChantalMB/PHITT-data/refs/heads/main/stamp-images/201-vaticancityholysee.jpeg
202,Venezuela (BR),Latin  America  and  the Caribbean,Americas,1859,1893,"Columbian Exposition, Chicago, and the 400th Anniversary of Discovery of America by Columbus",Discovery (Columbus),https://www.stampworld.com/stamps/Venezuela/Postage-stamps/g0057//,136,15,https://i.ebayimg.com/images/g/aiMAAOSwc8JkOWOl/s-l500.jpg,202-venezuelabr.jpeg,https://raw.githubusercontent.com/ChantalMB/PHITT-data/refs/heads/main/stamp-images/202-venezuelabr.jpeg
203,North Vietnam,Southeastern Asia,Asia,1946,1957,12th Anniversary of the Democratic Republic ,Founding (National Symbols) ,https://www.stampworld.com/stamps/North-Vietnam/Postage-stamps/g0061//,59-60,"N69, N70",https://i.ebayimg.com/images/g/qEsAAMXQ~c9RH5tC/s-l1600.webp,203-northvietnam.jpeg,https://raw.githubusercontent.com/ChantalMB/PHITT-data/refs/heads/main/stamp-images/203-northvietnam.jpeg
204,South Vietnam,Southeastern Asia,Asia,1955,1955,1st Anniversary of the Government of Ngo Dinh Diem (Geneva Agreement),Leaders (Political),https://www.stampworld.com/stamps/South-Vietnam/Postage-stamps/g0001//,27-29,S1-3,https://i.ebayimg.com/images/g/r80AAeSw6JRom3x~/s-l1600.webp,204-southvietnam.jpeg,https://raw.githubusercontent.com/ChantalMB/PHITT-data/refs/heads/main/stamp-images/204-southvietnam.jpeg
205,Viet Nam,Southeastern Asia,Asia,1976,1976,The 30th Anniversary of Vietnamese Red Cross,Science (Health),https://www.stampworld.com/stamps/Vietnam/Postage-stamps/g0001//,830,99,https://i.ebayimg.com/images/g/pLEAAOSwEUBnaqAA/s-l1600.webp,205-vietnam.jpeg,https://raw.githubusercontent.com/ChantalMB/PHITT-data/refs/heads/main/stamp-images/205-vietnam.jpeg
206,Yemen ,Western Asia,Asia,1990,1990,1st Anniversary of the Yemen Republic,Founding (National Symbols),https://www.stampworld.com/stamps/Yemen/Postage-stamps/g0047//,573-576,47-50,https://i.ebayimg.com/images/g/0c4AAOSw79hkGudt/s-l1600.webp,206-yemen.jpeg,https://raw.githubusercontent.com/ChantalMB/PHITT-data/refs/heads/main/stamp-images/206-yemen.jpeg
207,Yemen North ,Western Asia,Asia,1926,1952,4th Anniversary of the Accession of King Ahmed,Leaders (Royalty),https://www.stampworld.com/stamps/North-Yemen/Postage-stamps/g0125//,"80, C12","88, 89",https://i.ebayimg.com/images/g/63AAAMXQQQhRe2Ve/s-l1600.webp,207-yemennorth.jpeg,https://raw.githubusercontent.com/ChantalMB/PHITT-data/refs/heads/main/stamp-images/207-yemennorth.jpeg
208,Yemen South,Western Asia,Asia,1968,1968,5th Anniversary of 1953 Revolution,Uprising,https://www.stampworld.com/stamps/South-Yemen/Postage-stamps/g0036//,22-24,22-24,https://i.ebayimg.com/images/g/6gUAAOSwOt5n9pyq/s-l1600.webp,208-yemensouth.jpeg,https://raw.githubusercontent.com/ChantalMB/PHITT-data/refs/heads/main/stamp-images/208-yemensouth.jpeg
209,Yugoslavia,Southern Europe,Europe,1918,1929,The 1000th Anniversary of the Foundation of the Kingdom of Croatia,Founding (History),https://www.stampworld.com/stamps/Yugoslavia/Postage-stamps/g0239//,B17-B19,243-245,https://i.ebayimg.com/images/g/464AAOSwolRoP1jw/s-l1600.webp,209-yugoslavia.jpeg,https://raw.githubusercontent.com/ChantalMB/PHITT-data/refs/heads/main/stamp-images/209-yugoslavia.jpeg
210,Zambia,Eastern Africa,Africa,1964,1965,The 1st Anniversary of Independence,Independence (National Symbols),https://www.stampworld.com/stamps/Zambia/Postage-stamps/g0022//,22-25,112-115,https://i.ebayimg.com/images/g/xscAAOSw8lBTqXY5/s-l1600.webp,210-zambia.jpeg,https://raw.githubusercontent.com/ChantalMB/PHITT-data/refs/heads/main/stamp-images/210-zambia.jpeg
211,Zanzibar,Eastern Africa,Africa,1895,1944,200th Anniversary of the Al Busaid Dynasty,Leaders (Royalty),https://www.stampworld.com/stamps/Zanzibar/Postage-stamps/g0194//,327-330,218-221,https://i.ebayimg.com/images/g/a34AAOSwCwdjFma4/s-l1600.webp,211-zanzibar.jpeg,https://raw.githubusercontent.com/ChantalMB/PHITT-data/refs/heads/main/stamp-images/211-zanzibar.jpeg
212,Zimbabwe,Eastern Africa,Africa,1980,1980,The 75th Anniversary of Post Office Savings Bank,Philately,https://www.stampworld.com/stamps/Zimbabwe/Postage-stamps/g0021//,434-437,597-600,https://i.ebayimg.com/images/g/ctkAAOSwEYllIKyG/s-l1600.webp,212-zimbabwe.jpeg,https://raw.githubusercontent.com/ChantalMB/PHITT-data/refs/heads/main/stamp-images/212-zimbabwe.jpeg
